-- phpMyAdmin SQL Dump
-- version 4.8.4
-- https://www.phpmyadmin.net/
--
-- Hôte : 127.0.0.1:3306
-- Généré le :  jeu. 16 jan. 2020 à 13:08
-- Version du serveur :  5.7.23
-- Version de PHP :  7.2.10

SET SQL_MODE = "NO_AUTO_VALUE_ON_ZERO";
SET AUTOCOMMIT = 0;
START TRANSACTION;
SET time_zone = "+00:00";


/*!40101 SET @OLD_CHARACTER_SET_CLIENT=@@CHARACTER_SET_CLIENT */;
/*!40101 SET @OLD_CHARACTER_SET_RESULTS=@@CHARACTER_SET_RESULTS */;
/*!40101 SET @OLD_COLLATION_CONNECTION=@@COLLATION_CONNECTION */;
/*!40101 SET NAMES utf8mb4 */;

--
-- Base de données :  `meffer`
--

DELIMITER $$
--
-- Procédures
--
DROP PROCEDURE IF EXISTS `ecrire_controle`$$
CREATE DEFINER=`root`@`%` PROCEDURE `ecrire_controle` (`idPoste` INT, `idRef` INT, `dateHeureControle` DATETIME, `idUser` INT, `resultat` TINYINT(1))  BEGIN
	INSERT INTO `controles` (`poste_id`, `ref_id`, `timestamp`, `user_id`, `resultat`)
    VALUES (`idPoste`, `idRef`, `dateHeureControle`, `idUser`, `resultat`);
END$$

DELIMITER ;

-- --------------------------------------------------------

--
-- Structure de la table `controles`
--

DROP TABLE IF EXISTS `controles`;
CREATE TABLE IF NOT EXISTS `controles` (
  `id` int(11) NOT NULL AUTO_INCREMENT,
  `timestamp` datetime DEFAULT NULL,
  `poste_id` int(11) DEFAULT NULL,
  `ref_id` int(11) DEFAULT NULL,
  `user_id` int(11) DEFAULT NULL,
  `resultat` tinyint(1) NOT NULL,
  `resultat_qualite` varchar(3) NOT NULL,
  `resultat_reference` varchar(3) NOT NULL,
  `resultat_date` varchar(3) DEFAULT NULL,
  `user_name` varchar(45) NOT NULL,
  PRIMARY KEY (`id`),
  UNIQUE KEY `id_UNIQUE` (`id`),
  KEY `poste_idfk_idx` (`poste_id`),
  KEY `ref_idfk_idx` (`ref_id`),
  KEY `usr_idfk_idfk` (`user_id`)
) ENGINE=InnoDB AUTO_INCREMENT=131 DEFAULT CHARSET=utf8;

--
-- Déchargement des données de la table `controles`
--

INSERT INTO `controles` (`id`, `timestamp`, `poste_id`, `ref_id`, `user_id`, `resultat`, `resultat_qualite`, `resultat_reference`, `resultat_date`, `user_name`) VALUES
(118, '2020-01-14 14:34:04', 3, 9, 1, 1, 'OK', 'OK', 'OK', 'JL'),
(119, '2020-01-14 14:34:31', 3, 9, 1, 1, 'OK', 'OK', 'OK', 'Jeremy'),
(120, '2020-01-14 14:37:11', 3, 9, 1, 1, 'OK', 'OK', 'OK', 'JL'),
(121, '2020-01-14 14:39:27', 3, 9, 1, 1, 'OK', 'OK', 'OK', 'JL'),
(122, '2020-01-14 14:40:18', 3, 9, 1, 0, 'OK', 'NOK', 'OK', 'JL'),
(123, '2020-01-14 15:10:15', 3, 9, 1, 1, 'OK', 'OK', 'OK', 'Jeremy'),
(124, '2020-01-15 07:20:47', 3, 9, 1, 0, 'OK', 'NOK', 'OK', 'Test'),
(125, '2020-01-15 10:22:51', 3, 9, 1, 0, 'OK', '', '', 'Test'),
(126, '2020-01-15 10:24:16', 3, 9, 1, 0, 'OK', '', '', 'Test'),
(127, '2020-01-15 10:30:18', 3, 9, 1, 1, 'OK', 'OK', '', 'Test'),
(128, '2020-01-15 15:15:20', 4, 17, 1, 1, 'OK', 'OK', '', 'Jeremy'),
(129, '2020-01-15 15:55:16', 4, 18, 1, 1, 'OK', 'OK', '', 'Jeremy'),
(130, '2020-01-15 15:57:41', 4, 19, 1, 1, 'OK', 'OK', '', 'Jeremy');

-- --------------------------------------------------------

--
-- Structure de la table `controleurs`
--

DROP TABLE IF EXISTS `controleurs`;
CREATE TABLE IF NOT EXISTS `controleurs` (
  `id` int(11) NOT NULL AUTO_INCREMENT,
  `identifiant` varchar(45) DEFAULT NULL,
  `nom` varchar(45) DEFAULT NULL,
  `prenom` varchar(45) DEFAULT NULL,
  `photo` blob,
  PRIMARY KEY (`id`),
  UNIQUE KEY `id_UNIQUE` (`id`)
) ENGINE=InnoDB AUTO_INCREMENT=2 DEFAULT CHARSET=utf8;

--
-- Déchargement des données de la table `controleurs`
--

INSERT INTO `controleurs` (`id`, `identifiant`, `nom`, `prenom`, `photo`) VALUES
(1, 'U482827', 'BURGET', 'BENJAMIN', 0x89504e470d0a1a0a0000000d494844520000050b000002680806000000c104b7b9000000017352474200aece1ce90000000467414d410000b18f0bfc6105000000097048597300000ec300000ec301c76fa8640000793749444154785eedfd8d9364777de77bce1fb0b11ec37ae3c6c0ce5e85687485aed14adc961004170cb2dcd1c0b58069ab1117300f4674eb11210196f5c0065c83b0c7ea081c0b1a082f7871488bc5a0b9060fb61c5c3c96a36798b07614834d8487406d215a1242488d1c211950fc364fe6c9aa9379be99794e65559ef3cb7cbd275e31563d64559eaa2c323f7db2ea9f1d3d7a3401ac836baeb9267df8c31f662d1c4ee73df717d27987a3d711b9ece895e1cb81ddb317b7b39f7bcef368c071eb8fe9afc5a629ee6f46f74301d689b110581bc6c275622c6ccb58087bcf58d81dc7ad3fa6bf169bc658086c026321b0368c856c326321ec3d6361771cb7fe98fe5a6c1a6321b0098c85c0da3016b2c98c85b0f78c85dd71dcfa63fa6bb1698c85c0263016026bc358c8263316c2de331676c771eb8fe9afc5a63116029bc05808ac0d63219bcc58087bcf58d81dc7ad3fa6bf169bc658086c026321b0368c856c326321ec3d6361771cb7fe98fe5a6c1a6321b0098c85c0da3016b2c98c85b0f7f6e276f6f3cf7d7e38c8b0ed9f3fe7f98e5b4f445f8b4d632c043681b110581bc6423699b110f6de5edcce9eff2fcf084719b6fd8be7ef73dc7a22fa5a6c1a6321b0098c85c0da3016b2c98e5e794dbae9a69bc2d701cbbbf9e65bd2912bae0a5fb78c2baebc2a1c651829ce64fbf55f7f97e3d603b3be169bc658086c026321b0368c856cb26baebd2e5dff810f85af039657dcbeae7edffbc3d72deb8a2bae1a9e29578c31d148b3898a63f1dffd8bd3d37b2e3b121eb382e3b61a4dbe169bc458086c026321b0368c856cb2e2aca7e229920643d85dc56deb831ffacde1d9bbbf75e38de1db009bc358086c026321b0368c856cba62d428ce302c9e2a590c87c0f28adbd395d75ceb69fec090b110d804c642606d180b0100d84bc6426013180b81b5612c0400602f190b814d602c04d686b1100080bd642c043681b110581bc6420000f692b110d804c642606d180b0100d84bc6426013180b2123bff11bbf912ebdf4d2f46bbff66be9d0a1434c298ecd7bdef31e0000d813c5fdcde87e68eedef296b7a477bef39de1631060f3180b21136f7ffbdb87ff92f9b5af7d2d3df5d453499224499276a3bffaabbf1a8ea16f7bdbdbc2c722c06631164206def5ae770dffc7db482849922469af2a4e4e281e7b448f4980cd612c840c144f0b28feb54f92244992f6aae23147f1d8237a4c026c0e632164e0924b2e49274f9e2cff275c9224499276bfe2994cc5ef478f1e93009bc3580819287ee9b024499224ed75c5638fe83109b0398c85900163a1244992a455642c048c85900163a1244992a455642c048c85900163a1244992a455642c048c85900163a1244992a455642c048c85900163a1244992a455642c048c85900163a1244992a455642c048c85900163a1244992a455642c048c85900163a1244992a455642c048c85900163a1244992a455642c048c85900163a1244992a455642c048c85900163a1244992a455642c048c85900163a1244992a455642c048c85900163a1244992a455642c048c85900163a1244992a455642c048c85900163a1244992a455642c048c85900163a1244992a455642c048c85900163a1244992a455642c048c85900163a1244992a455642c048c85900163a1244992a455642c048c85900163a1244992a455642c048c85900163a1244992b461fde3b7d3bffb833f4ddff9c7f2bfa7fbc9c9f41ffee8dfa56fcf7afd0e331602c642c8409763e1fdc75e974edb7766bafccbe50b5af6cc3d37a47307ef7feeb55f498f972f53a5fb8fa58b06c7e7b42bef2e5f90415fbe7af83dd1e4737ee6de8fa657145fffc1db9e2c5f264992a405fdec9174efed1f491ffef087d3476ebf373df2b3f2e5e316bd7e898c8580b11032b01b63e178f46be6ea349e81961d0b537a3add77ece274c6be0bd2355f3117d65ae7b1f0e9bf49bf7370f076affa68faeba7cb97ed61cf9cf87afad4156f4ae7beb8fc3e7ef105e9f557dc9ebe61a5ec458f7fe583e9fcb3ce4c2f7ae3ede9fef265922469463f3b95feeedf7e62380616feb7cf1edf1e04a75ef7897ffb77e994b110d845c642c8c06e8c857ffb995f4f2f7bc52f4d188d2a67a75f7cd9e4cb5ff68a9bd3d7caf75b7e2c2c3a99eebef28274dafe1bd23d2b188db26a6dc7c2a7d37dbf3bf8de39ebe274db7d2bf8a2df7f7bfad5e1f7f339e997df797d7adffbaf4feffd57af4867149fe7fef7a7affcb07cbb75e8877f93be74ecaa74f0d77e3fabd1cd58284952cb7ef678baffceea28f8edf48f83fff7edea5078e7fde9f15d1c0a8b8c8580b11032b01b6361d4dd5716e3caebd26d731eb9efce5838e8e4dde9f2fd67a6736fb8273d53be4883d6742c7ce6be63e9b5675d30f8be59c5697d4fa7af7de0bcc1e734fdf1cac172f0b91efaec03e5cbd6a0f1f7ccc16346374992d6bd9f3d92fef31f56c6c17ffdafd347f670282c321602c642c8c05a8c858a5bf3df59b89aee4fb7154f777ec90de99ef2255b95c7f745d78fcf955d838c8592246d563f7b241dffecffb635180e87c23ffccfbbfa7b0aab190b01632164c058b8c6190b77a107d2672e29be978fa6bba69ef1fcccd73e94ce1e7cae136716fef08fd2db8bcfffc897f23ccbd5582849d286f59374f23fdcbe7546e1873ffc91f4c93ffd4edae53f82bc95b110301642067a33169efcc6c41f9038e39c5f4eef38f6f5f40fb37e25ddd327d2d73f7d557afdfe7346e3d2be73d2b96fb82a7deaeb27ea234d39405d746cf0c94c7c9cb3d32fbeee83e98bdf7a6af47683cbfcea6fbf25bdf29cb3b73e8743bffdd5d99f437a2a7deb8bb7a443afde3ffafd75c5e5bdfa2de9c62ffed7c16b829efaafe98b37bd255db8f53917bfd3f14de9e81d4d6799a7d3e3ffe54fd26d83cfff65d5cb98f53127c6c2e9cf75cef11a37f87cfff7638363fcb2f1fb14c7e415e9f5571c4bfffbf8984d7477babc78bbe1d0f454fae6a77f23bdbcfc5d7fd7fdfbf24d86959fcb4517a4170d2fb7bc0e777d3b3d33772c7c3afdc3d76f4f47df307ebf33d38bf60f8edfa7677c9f8cbf472a9fff8bf61f4c876ebda7d55fcffefbcf5e3a7cff8b3efecdad63fcd4376f4f6fde3fb8ccdaef2cac1e838655bf3fa7bfafcfda9f5e79f896edefd1895a7e3fccfbfa7cbafc5e89d4ae4b9bafc3e4c79cf81e2cafdb5ddf8ebe784fa5effcd5e7d38d870fa6f3cbdbe3dcefd959c378f5d83ef5cdf4a977bd7af439bff8835bbf3b755879db1cdff6171df7d1f57f45fac5b38acfabb8bc0bd285873f91ee59a7df5f2949da80fe31fdc35f6c0f851ff9c8e82f201783e1edffe164fa49f956bb99b110301642067a31167e6ef43b075ff4cab7a4f7167f3ce270f9807ee0dc6bbf521f764efe59fad06b460fea8b91e2ed83f779df3b2f2e1fb89f937ef5d3531f743c187cf8d8e0e39c9d7ef175ef4eef7bff15e9d02bc783cca5e9337f7f7ffad41b07fffde257a74347ab9737e37378fa6fd267de72c1f0f5c351b1789fa36f29c797b3d3f9d74fbd4ff97b158763cef0e317d7f3e068b46c7a16dd7810198e26a3cbd8fe3ccf4eaffde4d4f5de1a503e9feebef615e98ce10072c5f0fddebe35f40cdeefd8dfd4c69767eefbec680cab5ebfe2986d0d3daf48d7d47e67e0f630f4b572601b1edf81edb3474f8e3e97e1658c3f9ff1e59e93def1aeb78ddea7764c4ea6afdd70d1e8fd8abf443cfc4323ef4e07cb71a7f6872d065f9fdb5e5fbeaefcbe7adf3bdf341a9eda0c79c3fe5bbaf35dc5d77af075fd57576cfd7193171db8257df5c4f4d0551e8377fe51f34172fcfdf9bb5f4a9f1c7e0f8eaf5fe578d77e67e2a0b6df0ff3be3e9ffd93746bf1feefb97878b6e4692fb938bdbbf8efc2ad7f924e9497d0faebb0f5317f2fdd55fce5f2c1d7fce0d4fb9cf6e2df48774e7f2b8d47e3caf7ecf6cf85e0af9f2f1c0bff2c7de692f2e30d6dff55f6edeff5d1d03af13368f07d7eddc4c71aff05f6c1ebc63f2b06d7653448cfff79274952bffac7f49d3ffde4f65078fbbde9919f3c92eebdbd3218defb48daed67231b0b01632164a00f63e119679d935efbbbdb676d153df5cd4f9443c8a5e933137f3fe2efcb07fd67d7dee799135f1a0d72c3f1af7c615139180c3fcec43056fe25e5c1ebcede7f413a63ffd5e9eeca6831fa431ad1e7f074bae786d1fb9d7be59726cfa67aea9be9778623d505e943953fcffcd71f7de5f0ed2ffefdbf9b1ce68a33c9feb2e1c270ffede9e8f55f4cd3273b3d73e2f3e9edc5e739fd7bf5c603cae0ba9dff9a1b6ac3d6c9bffc6879fd0ea54f558fd7d3f7a40f0dc7930bd29b3f3d798c8bebfe0f5fbd21bdaa78bfe9e33c1e862e3a942ede7f51ba2638bb6d7c96de19afff68fac6c44054b9dce232a6469fedf7fbbdf4cdea850e8edf5dc3afe1d9e9d067b73f99c7bff0eee1e59c7ded57a73e87a7d2b7be7e6f65fc6a50f1353af6d6746ef17995ce7afdcde9cbd15967e531bfe0a3f7962f6850f9fd597c0f9eff96db27afdfe0b87cfb0bbf31fad82ff950fa5af54bd8f6fba1c1d767eb7b66c6a0daf6ebb0f531cf3a7b78fbbaabfa3d38789fcfbd7334e0d58ed7573e92de1a9c59fcd45ffe3fd32b8acbbbe4b3935fc30563e1856f3c94ce7dcdfbeb670a56bed72fbf6bf28cc5a7bef97ba3db47f52fad8f9f66fe92f7a7af4e5dd453dffa7afaeb35fa5b3792a475ee1fd3b7ffddf61f33f9c8ed7f91fe61fcbce37ffc87f4175b83e127d21ffee7dd1d0c8d8580b11032d087b1f0b437de9e2636a7618fa72fbcb3b88ca9df6978cf0dc3339fce78e71fa5e993918afefed38786ef33f17be4c66729bdead6f49fca176d351e19f69d37f838d3e7823d9dee3a52bceeec74cd57ca17153df0d9746878791f4d7f3d3566148d7f97ddd9376c4f35a3e3715efa50edaf64ec46e3633575bcb7aedbecafc37ffad86b06af3f33bde263ffb17c494a273e7be9f065677fe0cfea4ff72c8bde6f6b18aa0d46e3ee491f7a49f1faa97172aba7d35f7f7474b993a34ff97e67bd3b7d21fca2df9e2e2edea732208dbfb796fd4bc5cf7cfb8fd2652f2b06ad73d22f5ffff974ef7ffeabf4b99b7e2d9d3f1c35eb63ea68a43c7bf0bd147c63cc6afcfdf992abd3dde1d3581f4f77be6b3490bfe3ce26e72bcef87e58f8f51934772c6cff75d8fe98af491fb9373826f77e345d50bcfef5bf9ffeb67cd1fcee4d1f79797179db67060e5b3016d687ed51e3eff5577cf4dee07b7dfc97b02bb7dbf1c7991e2b2549caa99f6d9f41f8914ffe69facef42f28fcc76fa77ffb897248fcd783d7ff53f9f25dc85808180b21037d180b670d3af7fdeec1e1eb2fabfc6589d1197a73c698f1f8501d0dcac1203edb6b3c66d4ff8045d1f873a80e96e3b3d686bf072d6a7cf6516570d93a23ab38bbe9bf3c3e73845b5cf17beaee497ffcf963e9c6e269aa17fd52e5f7d5cd180be70d31f7fd5ebab0789bada7cd8e87a657a68fcc3b392ebcecf1b17c77fa42347ad53e56d078dca97efdcaafe9198397c5c7ad3e203d73cf0da3b3f1f6bf35ddf6e7dfa99f41d7a41f7e255d333c53f5e2f491bf9c5cc79e39f1d5f2a9f0d5a77197a3de5983cfa3c55638bece675c5b5da4277be6aea3c3b7a97f0fb7f87e58f4f5299a3716eee0ebb0f531a3bf265df4f497d265335f5ffcdec23f497f7cfbc7474ff57dc52f557e7f61cbb130fc9e9b35aa6e57bbad57cfba3df6e7e93b3bfac69224a9071583e0ffebdfa66fcffa4b2683d7ffbb3f0886c425331602c642c8401fc6c2597f0d79fcfaea2837badc0682b1301ef7c603cad4f850167d8ee3972d541d5c9efe76fac291f277f50d14bf47efc6cf1daf3dcd726e27ff2cdd78603c040dbcf882f4b2578c7e67e325af2a5e36632c9c1e50aad5c6a1fbd36d078bcb9a33280d2b8fdbcb3f9afeba7cc9d6cb2efabd745ff99289e68eb665d158387ed942d5afe1c9f48d8f1ddafadd97679c73713a7aec4f6a4fd99dd7f82cd599a370e529e7c5ef137ce6de8f0e9f221b9fa536a7b9df9f65d17169fbfdb0e8eb53346f2cdcd1d7a1fc98d1e50d8b6f7fc5ef117cebf08cced165167f58e7651715bf4ff0bde9e0f0ecd47663e185bffb37e50baa8dbfd717ab7e6d4efee5ade95787bf9b74a0f81d8c33ffe08f24499ace5808180b2103798e85e7a583ef29fff8c22c7f50797aecdc31261e2bc6cd1b0b5f7169f071ab26fe30c4a8a7be55fcf5daed3f9e529cf9f699fb9a2c86f7a74f96c3d49b3ff627e9bffc70f27dc2e3dd662cdc3a43703ca0c4675a6e170d4f0b86a1b9c34d59348a952f3bfb75ef8d8ff3963f48d52745173d73e278fadc4de33f3c3370d645e9435f8b9e433bddf8acb383e977662e6b834efed1e8f7039e75717a6d71dc663d45775e73bf3fcbcab7d93efb7007df0f8bbe3e450dc6c2765f87451f33b8fd6d9dd17951bae6737f3575f6def8fbb3dd58181fdbf165bd265d125e8f6db7fec9d4d9cf4f9f48c73f77cbf61f49da77767ad50d7f16fe6a044992b49db11030164206721b0befb9a1f81d6253bf43705173078360aca8147d8ee3df73f6da4f36fb2d6b614f7d27fdf947cbbfaabaff96f47f942f9ed9dffe7e7a6df1b6e1ef4a7b207de692e0788f0794394ffb7d66706c864f8fde1aa1c697d5f069c8d1efa79b350c7de5fda3eb7be44b33cfbc1b3fdd7662f419ff9eca394fd35dd8d38fa7fff2b9f20f859cf5d6f4ff5ef8ab0cc743d2fcefe1a29383cf79f81784e7fd2ec07995df9ff3ceb81c7f1f6e7dcfede4fb61d1d7a768de58b8a3afc30ec6c2f2fba4fa3b3fb71bffdecbdd180bc7c7e9e2b4f39b72f134f0cfa7770c9f9a7c767af3e796fb1d999224ad7bc642c0580819c86d2c7cfccedf180d0973fef846ad5d1e0bd37fba75f41759c33fccd2a6bf49bf73d1e2e334acbc0ee15982e3b3db668d8533cf763b99be30fc6bb4937f3863fcf4db79c7787c5c2efe74f5082c1886c6bfcb71e1e733753d7ff8ff4def28aedff45f036eddf80fd6ccfe9eabf6956b479fcba59f9b77bed8d3e9becf8eff52f2d9e9edad4f2b1c34fedacef88339e9e97bd347864f2b7e4dfad8f82ff4ece4fb61d1d7a768de58b8a3af43fbb130badd8f1b3fd57b77c6c2ed3fd433f97ddcbe70e4962449b58c8580b1103290db5858fd0303eff8dc7fadfde18a674e7c3dddf6f68fa489739f767b2c4c7f9f3e73c968647bed47bf5effbd834ffdd7f4c5ebaf4a9fdafa700fa47bee0afe18c2d3df4837177f10e2acdf4877cefdfd8083c66792bde468baabba470d7f6fde39e98c7963e1c0b96fb93d7d73e2e33f95bef9bbe5998dd323d5f869a0c5535ca7feda6f318efdc3576f48af2a3edefef7a7af4c7cde8b86a1c707df17c599a1b33f9f179d158c85838f79cf0d178cdeef5d9fafffdec1a74fa4af1f7b47fa70e58bfe1fbffcc5da53738b31f273ff6b71bd2aa3db9cb6fe484af1074ebe7ea2369c3ef59d3f1f7caf8d7e0fe519af7f477a73f9d4d90f7db5feb6731b0f7f83efa757ddf0d5c9efa7c175bbebcad1759ff80be03bf97e58f8f5292adf26fc9e6cff7558fc3183dbdff80cd483bf97aacfd07fe6c497d2e5fbcf2eafdbee8c85e9ef3f9b0e159737eb6bfcad2fa6ebaeb87dfb73ff8f77877fa0e8e4e7de36fc38937f1d5c92244d672c048c859081ecc6c241cfdc772cbd7638189c99ce38e797d3a1a3c5ef152bfe12ec05a33f6871d6fbf7782c1c7472f07ec3416de0c517a4d7bf73f4bbcddefe865794bf8fb0fad4c6f229ad67ed4fe7bfe1dda3df83f6ce37a57387bf47affad774e77572704c4743cdd6c72b2fe38cd71f4bbf333c636ec65878e4f7d26dc5efb7dbfa3cdf9d5e3ffe8bb92f3e943e19fccec467eefbfdad3fe2b07d8c17bddfa26168d0e0b85d33fec315d39f4f7199bf3be30cada7ff66741d8ad70d8ee32b0f5f313c8eef3d7c70eb38569f9a3efafe3b279d3bfca318838f71f42de995e55fd23d7770d9cdceff7b3addf7c9ed3f92f2a2fdbf34fc7c8b8fb9fd1787cf49bf7cfd97d2b70787e2f17b6e198da8e5dbbeec65fb075fdb39378071e3efcf0f1f1b7e4f6d1defcae77cc6cbde9fee9ef8a477f0fdd0e4eb93cabfe85c7ccc732e4e6f2f6e57efaa8c652dbf0e8b3f6670fbab7c8cf1b178efe15f1edeaecebdf258ba79d77e67e1a89383b7199d195a7cdd467f2066f83d39f8fa0d47cbea5ffc2e2fef45fb0f6effdc7975f976fb079f53b36f2c499236366321602c840ce43816161567107eea8a37a5f3cb31a518297ef1658307f0377d3e1d3f313562edc55858549c4178d35bd2855bc3513928d5fe3aeae3e9be2fdc920e5d341e12075e7c41baf0f0f5e953c1d94c337bfadbe9aec1c7db1a908a21e5a6d150151eefea80323cdb713c5016effb8ac1e7797bfafaf4b1aa34fee320dbd7af38c66f4a6fffed2fcef8abc24dc6a841e5711b5f8fe1d835fe5ccaaf556df4292ace5cfbf455db23ce40713d2e3c7c4bfadcf1c9e3f8dffeec583afa865fdababee3a1f6b7bf583f1b7551c5d965bffdceeaf75a39165d57ff2bb827fff2587ac7783c1a5cafb77ca6c12fc3ab7c7f0ecf8c7dd76818dbfa3837cd38de6dbf1f9a7e7d4e7e63f039bcba1c49cf49e7bee7ff33f97b115b7c1d167fcc19b7bfc1e750dcbec75fbf62c43bfae96fa493834bd9bd3f70b25df135be716bf02c0caef72b061f73fa2f68ffb73f4bb70d3eafedb178d16d42922455331602c642c8c05e8d85921ad670d0922449ca3d6321602c840c180ba58e33164a92a40dc95808180b2103c642a9e38c8592246943321602c642c880b150ea3863a12449da908c8580b11032602c943ace5828499236246321602c840c180ba58e33164a92a40dc95808180b2103c64249922449abc85808180b2103c64249922449abc85808180b2103c64249922449abc85808180b2103c64249922449abc85808180b2103c64249922449abc85808180b2103c64249922449abc85808180b2103c64249922449abc85808180b2103c64249922449abc85808180b2103c64249922449abc85808180b2103c64249922449abc85808180b2103c64249922449abc85808180b2103c64249922449abc85808180b2103c64249922449abc85808180b2103c64249922449abc85808180b2103c64249922449abc85808180b2103c64249922449abc85808180b2103c64249922449abc85808180b2103c64249922449abc85808180b2103c5ff603ffac327000000f694b110301642069c59284992246915190b01632164c058284992246915190b01632164c058284992246915190b01632164c058284992246915190b01632164c058284992246915190b01632164c058284992246915190b01632164c058284992246915190b01632164c058284992246915190b01632164c058284992246915190b01632164c058284992246915190b01632164c058284992246915190b01632164c058284992246915190b817f76fd073e94807e7bdbdb7ebdfc9f6e49922449dabb8ac71ed163126073180b2103c64249922449abc85808180b2103c64249922449abc85808180b2103c64249922449abc85808180b2103c64249922449abc85808180b2103c64249922449abc85808180b2103c64249922449abc85808180b2103c64249922449abc85808180b2103c64249922449abc85808180b2103c64249922449abc85808180b2103c64249922449abc85808f4722cbcee031f4cd7beffbaf4bef7bd2f5d73cd35b0f12ebdf4d2f27fba2549922469ef7ae3a14bd26547af64858e5c7175bae2eaf7a5f75fff8170238155ebdd58580c85c548f89bbff99be9a69b6e4a1ffef08761e3bde73def29ffa75b92244992f6aee2b147f49884bd73e38d37a56baffb407aefe557190ce985de8d85d7befffde9431ffa507803824db5fab1f0fe74dbc133d36957de5dfe77b39eb9ef587aed5917a4cbbf7cb27c89244992a49c321676a7180c8b330ca3ad0456a97763e135ef7b5fbaf9e69bc31b0e6caadd180bef3ff6ba74dabe3317b83a8de6c19d8d854527bf7c753af72547d35df64249922429bb8c85ddb9e9a69b876717465b09ac52ffc6c26bae096f34b0c976632c7cfcbe7f9ffef88fefdaf2a9a3af4ca7ed3b946ea9bcec8ffff8afd27f1bbef5cec7c2949e4ef71dbb38bde8f5bf3fb8144992244939652cec56f13b0ca3ad0456c9580819d88db170bad19986e33309a75b662c94244992946bc6c26e190be903632164c058284992246915190bbb652ca40f8c8590812ec7c2674e7c3dddf6ae5f4ebf78d6e0bff79d93ce7dc307d35ddf7eba7cbb4a27bf913e75c59bd2b92f2edeeeccf4a2fd6f4a473ffd8d34f9ab0bef4e970f5e77d1b1fbd3c9bf3c96def1eafde98cc17f9f71cec5e9c6af9e48cf0cdea2faf2d35efceaf48e63d39731eae45fde9e8ebee182f4a2e1ef5a2c3eafabd2a7fe72fa2d4fa66f7cfaaaf4fa979597377cbb1bd29f3c50be5a922449d244c6c26e190be903632164a0b3b1f07fbd3a5dfeb257a4b77eec0f87bfd3f0f31f7b6b3ab718dd5ef5d1f4d7d5bdf0e4dde9f2fd8397ef7f53baf1f6d1ef3ffcf4f5af1d0e79e7de70cf70041c351a0b2f3c7275fad557be237decf383b7fdfcade9ad2f3b7bf0b9bc2efdce5dc7d26b5f7c51ba6678197f983ef6960b062f3f3b1dfaecdf97ef3f6af847548acb7ec32de9d3c3dfb5787bbaeec03983b7bd207de89ef127f674bae786c1fb9fb5fdf9fff1edb7a443af3c946ef3cb14254992a4306361b78c85f481b11032d0d958b8ef8274f997ab67eb3d9dfefaa3af19bcfcbcf4a17bca17a5c7d3dd579e974eabfd05e4a7d37dbf5b7c8c4bd367b6cee41b8d85a79df5eef485eadbde7f2c5d54bc7cfae33dfd67e9fa970c5e7ec967d389f245e98783cb18bcecec235f9a3ce3f0e9bf49bf537cce5b6ffb95744d7136e4e0edb6c7ca414f3f959e0a4e8c94244992642cec9ab1903e301642063a1b0b2ffabd745ff992adeefd68ba60df99e9f22f97fffdc33f4a6f1ffcf7051fbdb77c41a5fb7e2f5d587ddbf158383de0a57bd3475e3e78f9cb3f9afeba7cc9a8a7d35d47062f7fc90d69bc4d3efe85770f3eef57a68f441fee770f56aed37f4c1f7bd5e07df75f9dee3a611d942449929a642cec96b1903e301642063a1b0b6ba3dea0f22cc0e2f70e56ffbbf83d85b36cbd6d39166efff7b8f2e31d3c36f8bf26bbfbcae232b63fcfd1e73d79f9935eb7f534e3935fbb25fdf2f077289e935e7ef896f4b9bffa4e7a6af42a4992244941c6c26e190be903632164a0b3b130fa6bc833c6c2d7df78e7e8f70206fefd7d8f8fde76d7c6c237a51bef883fd61ffff1bf4ff7fdb07ce3a2a7be93fefcd3d7a743af2c7ea7e199e9456ffcfd749f130d254992a4306361b78c85f481b11032d0ebb1f081cfa64383ff0e9f865c6bf9b1f0c4672f1dfc77fc34e4f93d95bef507ef4e67871f5f9224495291b1b05bc642fac0580819e8f55898fe3e7dea8d83b7adfd8193a8e5c7c2f4f7b7a78b079751fb0327b59e4a4f4d3fe7f8e92fa5cb8af7bd61ebafb348922449aa642cec96b1903e30164206fa3d16a6f4cc7dc7d26b8bbf3cfce2d7a6a3c7feb07c3af01fa6db6e7c773af86bbf5f190077612c2cfecaf2b18bd31983cb79d181abd26d9f2f9f7efcf963e9c6775e9cfed527c79730f8582f7e753a74d3ed5b9fcfc7defe8ac1fbbd267de45ecf4396244992a28c85dd3216d207c642c840dfc7c2a2a7bef5c574e3e15f4ebf588c8683d79ff6e20bd2cbde7055baedabdfaefc9194dd180b8b9e4adffae22de9d0abf70f47c3e1ef22dcff4be9f5571c4b7ffaedf110787fbae38a37a5f3cf397bf4f99cb53f9dff860fa6cf7d73e1e98f922449d2c6662cec96b1903e30164206f6622c94244992a4e98c85dd3216d207c642c880b150922449d22a321676cb58481f180b2103c64249922449abc858d82d63217db03163e1e1f37f21fdfc7363e71d8edf07fac258284992246915190bbb652ca40f8c855b5e9a0e07ef37cf91032f1cbdeff987c3d7c36e31164a9224495a45c6c26e190be983cd1b0bf71d4847b65e7e241dd8371e0bdb8e7e95f73516b2c78c85922449925691b1b05bc642fa60c3c7c24275301c9f5d38352296b69eae7ce4403a7dea7585d30f1c092e7364ee539db72eaffdd98d6c86dd180bcf7de9ff0c0000acb965331676cb58481f180b07b69e4efcdc17a603478a971d4ee79523dfb4e1e837772c5cf0be531fbb507d8ab4df9f486437c6c2d3f69d090000acb965331676cb58481f180b07ea63e1b4e829c7f1d390b72f6bfb2cc185bfdbd099852c602c0400009a58366361b78c85f481b170201a0bab67fb4d583016ce7cbf42f0b1a10963210000d0c4b2190bbb652ca40f8c85d5a70d97afdb1e0fc74f2d6e7a6661e56521670eb233c6420000a08965331676cb58481f6cf85838f9fb05c77fa064fcb6db7fb0a4f2768dcf2c6c310c7a1a320b180b0100802696cd58d82d63217db07963e12c4d9f4a3ce7ed86e3e28c3f7e32fbf7214e9ec9e80f9c1031160200004d2c9bb1b05bc642fac058189ecd37f974e2f30ec76711ce3a3331fe8bc8b3c7426716b288b11000006862d98c85dd3216d2071b331642ce8c8500004013cb662cec96b1903e301642068c8500004013cb662cec96b1903e301642068c8500004013cb662cec96b1903e301642068c8500004013cb662cec96b1903e301642068c8500004013cb662cec96b1903e301642068c8500004013cb662cec96b1903e301642068c8500004013cb662cec96b1903e301642068c8500004013cb662cec96b1903e301642068c8500004013cb662cec96b1903e301642068c8500004013cb662cec96b1903e301642068c8500004013cb662cec96b1903e301642068c8500004013cb662cec96b1903e301642068c8500004013cb662cec96b1903e30164206563f165e9eeef941f98e33fb41bae748f4be9b60c6f1f9db7f13bced86f8f4df95072168638fcbf4f7c9dfa54f2d7a9b1f7c3dbda7f636ebeb537f5b5eef6a1b760cc6def317b37ee846df379b62ceff166df2cfdb235f4f8f968761ba6f7d3a78fb4db3f5bf479b7c3f65ecdfa46f9547a396fb2c8382ef91caed2be7dbd3b2190bbb652ca40f36662cbcf9e65bd2b5d75d9faeb8ea7dc31b1fe4e48d872e29ffa77be7457724663316ce34e7419a3bdef3dbbc07b1f5db51ed184c7f3f6dca5036ef76642c0cdad4d1c358183216ce672cac983316166de8cf5b63e1e28c85dd2a1eff455b09acd2468c85c55078f4ca6b8697ff5b37de18be0df459d74f43de7e10bbc967b88c6c9f09357507b3b873692cac1d97c90164d3be7fb6878e477f50fe1f53df23e3efa7add76fc403b7c907af930fc606c7ec6f377d2cacdc4e2a23fca37f7179ed7dd65f652cdce49fafd3d664ccd833c6c28aed9fb7db3f43aa23fc86deaf33162ecc58d82d63217db01163e135d75e97aebbfe03e1eb2007c6c2fe9839166eba3977bcab83e1663db00dc6c289e3337e10f783c1eb87ffc7e0ff5cffa16c73bf1fe68b7fce5686d58d1ccb8c852163e17cc6c28a682cdcf49f2b03c6c285190bbb652ca40f36622c2cce2abce9a69bc2d7410e8c853db27507739c6332d4f08ef7669d1d55190bffe2df54feeff2188c8fd9e0c1dad608bdf6636165fcd9d4a7bfcd10fe9cadfcbc7166a1b1704be567ea64fef76868deff1e6d9cca3038d5460fcdb5fb7271c6c2f871097bcf58481f6cc45858dcd8a297432e8c853d13dec9dcf06333efc199b17078bdb76e47e548361e088b07239b3316561eb81a0b276cff9c8ddad49f2f95b170aa8d1e3a8c85f3190b2b668f85459bf98f1003c6c285190bbb652ca40f8c85900163614f4ddfd9dce4f1c35818981c0bb78f43718cc60fe046b729671632732cdce833ea8c85a1cacfd48d3e0eb3180b2bb6c7c2eafffe6efcaf5469789fc558183f2e61ef190be903632164c058d867d507b31bfcc064ce1defcd7d5032351656ff7bea0f9e6cce58e841ea2c7ece462a3f5f3d0d799bb1702eb7a5aa782cacfe63e7467e0f190b17662cec96b1903e301642068c85fd510c1d93771eab63e1061f9f1977bcb787a1411b7726d9f458583f7b6cfcbdb4496361f5416afd81dae081ed869e71e8e76cc458183216d67cea2fc63f372a4fbb75f6f2c0a2330b8d85c6c2386361b78c85f481b11032602cec8f89f16bba4d7e303b3100456de2f74e7d2cac3e08a91e938d1a0b07a647d3898c85c6c22dc6c2d0c4cf91c926ce1edb20d1ff361b520b95f1346a53075563e1c28c85dd3216d207c642c880b1b047668c621bffa064ce58b8b9c726180b678c1f9b36168ec40f623775ecf07336622c0c190b6b26c7c26000da5873c642ffc039c858382b6361b78c85f481b11032d0f558080000e461d98c85dd3216d207c642c880b11000006862d98c85dd3216d207c642c880b11000006862d98c85dd3216d207c642c880b11000006862d98c85dd3216d207c6c2a6defbabe9dcffe17f4cfbb6bc34bdfebdf5b7bbf497aa6ff39a74e9d4eb6729deefdcffe548f0ba23e9f5fb2b97b9ff57d391dadb0c5cfa9acac79d75595386d729f81c77fbbacefa38033b3d5e9bc65808000034b16cc6c26e190be90363614397fed2e49075e47f79696ddc1a0e5f95316ffabf679a39a69543e12fbd65c67f8f449f4b13b306ca5dbbae130366fdf3dbf1f1da40c6420000a08965331676cb58481f180b77ec2de955ffc3ff985e7569f9dfc3c16ffa0cbca9b7996138c64d0d8043c3b16d6a649bfe3873ceda9baff8dce23306eb76725d2bff1d5d8fe8d884974bc15808000034b16cc6c26e190be90363e18e4d8e5dc3c1af7656dce84cc0f94f092e2e271ec88667dad546c4c98f1bbfcd623307cad092d7d558b83463210000d0c4b2190bbb652ca40f8c853b353580cd1aed168e79c5e5844fbd9d35be555f3efabf5f75e9e8ffdf7acaefc2a7f28edf2f7a5d60d9eb1a8e85f5a7370fdfdfd39043c6420000a08965331676cb58481f180b77627806dce490b7b3b170de68571d0567bd7c7476dee41f202987c31d0d9481ddb8ae33c6c2c268302caec380a1702663210000d0c4b2190bbb652ca40f8c852d8dc7ade9816f4763e170888b47b4366361ed6d86e3dceca7f3169f53fd72eb76edba86636170fd167cde9bcc5808000034b16cc6c26e190be90363610bc3316cde1972b533e3660d7e238b46bb787cabfeaebf19973fef77ffcd1d28b7edea758dc6c2e265c199843307c70d672c0400009a58366361b78c85f481b1b0a1e18835ef69b2e1d973c5b037eb4cb979af1b0947b9a9b12f1cd7c2cf656478990bc6b85dbfaec1dbc783a3b1701663210000d0c4b2190bbb652ca40f8c858d2c1ef6c667d65587ae79c35793d16e7c16e1f6d97ac1d97be5ef14dc7eaaf0f4fb5435b91ebb7f5d678f8b539fe7f0ed66fd0ec7cd662c0400009a58366361b78c85f481b1b0897290dbfa431c551367c79523daf87533c7c0d1db351bc546a3daf832c31170eaf38b87c281628c9b77c66061d7afeb4038161626af5bc1501833160200004d2c9bb1b05bc642fac058d88526a3ddae6b3350d237c6420000a08965331676cb58481f180b576e34dacd3cfb6fafcc3cbb8f1c180b0100802696cd58d82d63217d602c840cecc65878ee4bff67000060cd2d9bb1b05bc642fac058081930160200004d2c9bb1b05bc642fac0580819d88db1f0c73ffe310000b0e696cd58d82d63217d602c840c180b0100802696cd58d82d63217d602c840c180b0100802696cd58d82d63217d602c840c180b0100802696cd58d82d63217d602c840c180b0100802696cd58d82d63217db01163e1d12baf4937dd7453f83ac881b11000006862d98c85dd3216d2071b31165e73ed75c3cb8e5e073930160200004d2c9bb1b05bc642fa6023c6c29b6fbe65eb0617bd1eface5808000034b16cc6c26e190be9838d180b0bc560589c6178e48aab86373ec8c91b0f5d52fe4ff7ce8bee48000000eb65d98c85dd2a1eff455b09acd2c68c85903367160200004d2c9bb1b05bc642fac058081930160200004d2c9bb1b05bc642fac058081930160200004d2c9bb1b05bc642fac058081930160200004d2c9bb1b05bc642fac058081930160200004d2c9bb1b05bc642fac058081930160200004d2c9bb1b05bc642fac058081930160200004d2c9bb1b05bc642fac0580819e86a2c3c75ea547af8d1c7d283df7f247df7c193739d78e8e1f4fd471e4b4f3e792abcac75e2b8d4392631c725e6b8d4392631c7a5ce3189392e31c7a56e138ec9b2190bbb652ca40f8c8590812ec6c2e28ed403df7b38bce3344ff13eeb7c27d371a9734c628e4bcc71a9734c628e4b9d6312735c628e4bdda61c9365331676cb58481f180b21035d8c85c5bfa24677969a28de37bacc75e0b8d4392631c725e6b8d4392631c7a5ce3189392e31c7a56e538ec9b2190bbb652ca40f8c8590812ec6c2e26917d11da5268a7f7d8d2e731d382e758e49cc7189392e758e49cc71a9734c628e4bcc71a9db9463b26cc6c26e190be903632164a08bb130ba93d4467499f31cbff5603aedc89de1ebfa24baae6d449739dbf1f4f10367a6cbee885ed71fd1f56c23baccb98e7f225db8ef68ba237a5d8f44d7b58de832e7b9e3c899e9c25b8f87afeb93e8bab6115de66c77a6cbf61d4c1f3f1ebdae3fa2ebd946749973dd71349d76e013e978f4ba1e89ae6b1bd165ce93c36d28ba9e6d4497399fdb50c86d28e03e4ba8a3fb2ccb662cec96b1903ee8e558084cbaf4d24bcbffe9de79d11d8979a23b486d449719291e9c9db6af642c2c150fceb68f8b3bdea5e2c1d9d67131168e8c1e9c8d8f8bb1b0347c70363e2e868eb1e13fca8c8f8ba1a394d76d28ba9e6d449719721b0ab90d45dc6709757c9f65d98c85dd3216d207ce2c840caced9985c33b52a33b50c3d1d05838b47d2c4677c0ddf12e548e45e5fb267edb7e88ae6b1bd1654e1b3e701d3e601d0d1ec6c242e5580c070f43c750e5586c7fdf046fd723d1756d23bacc69b9dd86a2ebd9467499756e4321b7a190fb2c91eeefb32c9bb1b05bc642fac0580819d884a7211b0b23ee78878c85016361c8d0113274448c8521b7a190db50c47d9690b1901d3016d207c642c880b1b03fa2ebda467499b3b9e31d3216068c85214347c8d011311686dc86426e4311f75942c64276c058481f180b2103c6c2fe88ae6b1bd165cee68e77c858183016860c1d214347c45818721b0ab90d45dc6709190bd90163217d602c840c180bfb23baae6d4497399b3bde216361c058183274840c1d116361c86d28e43614719f25642c64078c85f481b11032602cec8fe8bab6115de66cee78878c85016361c8d0113274448c8521b7a190db50c47d9690b1901d3016d207c642c8401763e189871e0eef2435f1c0f71e0e2f739e5cc6c2d51e973cee78affa7b2597b170b5c7259fb170a5c72593a163d5b7a15c860eb7a1ba95ffbc751b0ab90d45dc6709190bd90163217d602c840c7431167eff91c7c23b4a4d3cf4f00fc2cb9c2797b170b5c7258f3bdeabfe5ec9652c5ced71c9672c5ce971c964e858f56d2897a1c36da86ee53f6fdd86426e4311f75942c64276c058481f180b21035d8c85a74e9d0aef282d52fcabeb8f9e7832bccc7972190b577b5cf2b8e3bdeaef955cc6c2d51e977cc6c2951e974c868e55df8672193adc86ea56fef3d66d28e43614719f25642c64078c85f481b11032d0c5585828ee5015ff025bdc418aee3855156ff3bd938fa6279f3c155ed63a715cea1c9398e312735cea1c9398e352e798c41c9798e352b709c764d98c85dd3216d207c642c8405763210000909765331676cb58481f180b2103c6420000a08965331676cb58481f180b2103c6420000a08965331676cb58481f180b2103c6420000a08965331676cb58481f180b2103c6420000a08965331676cb58481f180b2103c6420000a08965331676cb58481f180b2103c6420000a08965331676cb58481f180b2103c6420000a08965331676cb58481f180b2103c6420000a08965331676cb58481f6ccc5878f8fc5f483fffdc817d07d291e0f5d067c6420000a08965331676cb58481f180b9b3872209d5ebcef735f9a0e47afdf24875f6a74ed80b11000006862d98c85dd3216d207c6c2068e1c78e1e87d8d85ced0ec88b11000006862d98c85dd3216d2071b3c161e4ee70d07c05f48a71f38521904ab6f73241dd857beacaa32944dbc5fe1fcc35b1f736264ac9e9137febf07ce3b3c7adbdadb972fdb3a936fac3ad26dbdee85e9c091c9cfb5b84ee3cbdd3e33b2aa3a7c363916db6f33a1727dabb62e63c6eb69c75808000034b16cc6c26e190be90363e1c0e9fba606bfe265c3b16dfe58b87599d3ca81ac36241686ef5bb9dcad31adfeb2f0fd0be3eb50190b4faf7d9ec580585effe9c171cb78306c722cda8c85d5b77536e66e30160200004d2c9bb1b05bc642fac058383168555eb6f57633cef8ab9cadb77576e0d4ef36ac8e7d1367fa555f37fe38b5cbab0c785bef3b7e5939045647c0f1685779d9f4c7dc32e7632d3a164d9f86bc75fdc23191b68c8500004013cb662cec96b1903e30160e5447b5680c0bc7c29967eb154663def6fb55cef21bdb1aeca686bf603c8c0c47beadcfa17af9f346c6bad9c3647c2c9a8e85ec2e63210000d0c4b2190bbb652ca40f8c850d06b2682cdc7e59ac18e1c29171cbf6d38e8b8f3ffeb85b9fcbdc31b27cbb466361f5a9d4e5db353a8bd158d827bb31167ef7c1930000c09a5b366361b78c85f481b1b0c140b6e8ccc2d1e056377f2cacbcfefc97969f4b65f4ab0c7ad5cf6f42a3b170fcdf95b7a97deebb3f166e5f374f43de0dbb31164a922449d2a28c85dd3216d207c6c281450359ed2cbfe1eb66fcf19381f1e52d1a0b6b4f359e1ae0b63e9769b5df4fd8642c8cb51d0bb7af53291c03abc766c675a71563a1244992a455642cec96b1903e30160e2c1c0bab2f9f7a5d34e8351e0ba706c7e80cc5da38576835160e5e36314a0e3e97259e863cfd39cf3a73d09985bbcb58284992246915190bbb652ca40f36662c849c190b25499224ad226361b78c85f481b11032602c94244992b48a8c85dd3216d207c642c880b150922449d22a321676cb58481f180b2103c64249922449abc858d82d63217d602c840c180b25499224ad226361b78c85f481b11032602c94244992b48a8c85dd3216d207c642c880b150922449d22a321676cb58481f180b2103c64249922449abc858d82d63217d602c840c180b25499224ad226361b78c85f481b11032602c94244992b48a8c85dd3216d207c642c880b150922449d22a321676cb58481f180b2103c64249922449abc858d82d63217d602c840c180b25499224ad226361b78c85f481b11032d0d558f8ecb3cfa61f3e712a3df4f063e9bb0f9e9cebc1938fa61f3cfe44fae94f7f56bef7fae6b8d4734ce21c9738c7a59e6312e7b8d4734ce21c9738c7a59e63b2386361b78c85f4c1c68c8537df7c4bbaf6baebd31557bd6f78e3839cbcf1d025e5ff74afaee28ed489871e09ef38cd53bccf3adfa1725cea3926718e4b9ce352cf3189735cea3926718e4b9ce352cf316996b1b05bc5e3bf682b8155da88b1b0180a8f5e79cdf0f27febc61bc3b7813eebe2ccc2e25f51a33b4b4d14efbbae392ef51c9338c725ce71a9e798c4392ef51c9338c725ce71a9e79834cb58d82d63217db01163e135d75e97aebbfe03e1eb20075d8c85c5d32ea23b4a4d14fffabaae392ef51c9338c725ce71a9e798c4392ef51c9338c725ce71a9e79834cb58d82d63217db01163617156e14d37dd14be0e72d0c55818dd496aa351f71f4b17ed3b339db6e575e9b6fbcbd7f5b4e8bab6d1a4fb8fbdae724c060e1e4b7d3e2cd1f56ca359f7a7db0e568ec9c045c7fafdcd125dd7361af5e5ab278ec969fbae4e7797afea6bd1756da349775f593d260357f6fba844d7b38d66dd9d2eaf1e9381cbbf5cbeaaa745d7b58d4665761b8aae671b4d731b8a721b8a729f252abffb2cd3190bbb652ca40f36622c2c6e6cd1cb2117eb3a16de7de5e483b2d11dce4d7fa036783032f1a0acbcc3d9e3076ad1f56ca3518307f4130fcacaa1b9cf0fd4a2ebdac6e206df1b574e3e281b3ec0dff4076a83ef8dcb271e948d1ee0f7f9815a743ddb68d2fdc7ae9efcc798e148d6ef7fa089ae6b1b8bcbef36145dcf361ae53614e63614e53e4b5886f759a6331676cb58481f180b21036b7b6661add10392cd1e8082860f48fa3ba246d7b38d9d367c50bfe90f48a61b3e20d9f407aff586ff10b1e90350add183fa4d1f806af5fc36145dcf36769adb5094db5098fb2c617dbfcf329db1b05bc642fac05808193016f6a7e8bab6b1a3dcf10e331606190bc30c1d51868e30636198db5094db5098fb2c61c642da3016d207c642c8c0c68c853dbf8359145dd7367692512ccab01cd5f707f445d1756da37d1ed0871996c38c62516e43616e4361eeb344f5ff3ecb74c6c26e190be9036321646023c6c2e19dee7e3f18298aae6b1b6d1b3e70f56064aad10357a3d854c3b1bdff0f46a2ebda46db860f5cfd23c454a307ae7d3fcb25baae6db42e83db50743ddbd8496e43516e4351eeb344e5719f653a6361b78c85f481b11032b0ee63e1e8ce651effe21a5dd7369a57deb9ecf903b4a2e87ab6d1aa7254cee1a93cd1756da34da307f3fd7e80362ebaae6d34af7c309fc103b4e87ab6d1aa7210ebfb3fcc1445d7b58d36e5721b8aae671bed721b0a731b0a729f252ca3fb2cd3190bbb652ca40f8c859081751e0b733863a15a745ddb68561e672c8c8bae671b8dcbe4ccb971d1756da359f99db1105dd7361a95c999cae3a2ebd946d37238eba75a745ddb68565eb7a1e87ab6d138b7a130b7a128f759c232bbcf329db1b05bc642fac0580819e8622c7cf0e4a3e19da4264e3cf4487929f31b0e85993d2d63ef8fcbe84e772e0fd08a56f1bd32bad39dcf03b4a2bd3f2ee5c891d9190b7b7e5cca9123a70768abb80d8d468e7cfe61a6c86da8de4a7edeba0d85b90d45b9cf1296e17d96e98c85dd3216d207c642c8401763e10f1e7f22bca3d4c4238ffda8bc9479157730f3bb23b5e7c7a5b88399d980baf7df2ba36139a70723457b7e5c860fe8f37ae05ab4d7c765f8803eb30175ef6f43a3512cb7335cdc86eaade2e7addb5094db5098fb2c6139de6799ce58d82d63217d602c5c89f7a65f79c1f3d2e907de5bfef79bd3fee754ff1be6eb622c7cf6d967c33b4a8b14ffeafa4f3ff9497929732acf5c289ea251d3e33b9e7b7d5c46672e04c764a0af773cf7fc7ba57c90161d933effcbfd9e1f97f2294ea11e3fd0dfebe332fad506b1be3ed0dffbdb50f934c1507fc732b7a17a7bffbde23614e73614e53e4b549ef759a6331676cb58481f180b5b1b0d7dfb0f47af9b656fc7c2c3e73d2ffddce0f226bce0603a327e9b2307d3e9d3af1f98be0ee1e53ce7e5e970f9fa2307ce1abe2cfebca7afe3b6f1fb554d7cecc32fafbdbecaa8dacd585854dca12afe05b6b88314dd71aa2adee6e4a33f4c3ffde9cfcaf75edf1c977a8e499ce312e7b8d4734ce21c977a8e499ce312e7b8d4734c16672cec96b1903e3016b6b61b63e12e198f80e7bd79ea75c5c7db1ef9466f7756fa952395b72907baeaf5188e85b5cbdab63dfa4d5dd650741d47c76a62b82cccfcbcc7af8b2e7fb37535164a922449daac8c85dd3216d207c6c2d6fa3216b6f83c660c70c53858fd9c1a8d852f38987ea578bbe90130b88ec3cbabbdddd88ccfdf581832164a9224495a45c6c26e190be90363616b5323d770dcaa9cc537343d9c4dff7734948d5eb6f5f4db9923dbc878b89bf7365bc2016ec6b8d7602c3c527eaed5f7ad5d5e83d12fbc0ec6c290b150922449d22a321676cb58481f180b5bdb8bb1b03e1ece3f2baf3ef4cd150c70a3a7144f7edecdc7c2c17f0f9fc65cbdcca9cf69f8fae9e332257a1b6361c858284992246915190bbb652ca40f8c85adedfe58381ce1a647bab9a3d9e8f2aae3626138f60d2eb7f67b058797557d5d3c344ebe7fa9f2794d9f093839680663e1ccb1b3141d3b6361c858284992246915190bbb652ca40f8c85adedfe58188e7443f3c7c268f01b9a1edca6fe7b745661fdb25b9d593834ba1ea3cf23180b9d59b86b8c85922449925691b1b05bc642fac058d8dade8c853387bf19e60e7b0bc6c242f4feedc7c281e1e0575cf6d4756c30fa8597672c0c190b25499224ad226361b78c85f481b1b0ad0643dce41977c57fcf1f0bc3d16c9179a35a93cf71f8b2cae839b0a3b17060f87e8397177f25b93a7acebfbca9d1756cdef5da60c64249922449abc858d82d63217d602c6ca93e988d86c0ea28361cc95a8c85e3e1ae3ab40ddf66ce7057187e2e4d06b71903dce8fdb7cf8adce95838be3e93d7b9f2f2e9f729af6ff8b18c852163a1244992a455642cec96b1903e301636520e82d1f055188f5fa5fd87a7c7c10563617019b37f5fe1b4eda1ae6a62b49b39c095ef5b8e76e39173daf8f39c3d160e0c9f8e3c3d168ed42f77ce753316868c85922449925691b1b05bc642fac058081930164a9224495a45c6c26e190be903632164c058284992246915190bbb652ca40f8c85900163a1244992a455642cec96b1903e301642068c85922449925691b1b05bc642fac058081930164a9224495a45c6c26e190be903632164c058284992246915190bbb652ca40f8c859081dd180bbffbe049000060cd2d9bb1b05bc642fac0580819d88db1f0c73ffe310000b0e696cd58d82d63217d602c840c180b0100802696cd58d82d63217db01163e1d12baf4937dd7453f83ac881b11000006862d98c85dd3216d2071b31165e73ed75c3cb8e5e073930160200004d2c9bb1b05bc642fa6023c6c29b6fbe65eb0617bd1eface5808000034b16cc6c26e190be9838d180b0bc560589c6178e48aab86373ec8c91b0f5d52fe4ff7ce8bee48000000eb65d98c85dd2a1eff455b09acd2c68c85903367160200004d2c9bb1b05bc642fac058081930160200004d2c9bb1b05bc642fac058081930160200004d2c9bb1b05bc642fac058081930160200004d2c9bb1b05bc642fac058081930160200004d2c9bb1b05bc642fac058081930160200004d2c9bb1b05bc642fac058081930160200004d2c9bb1b05bc642fac058081930160200004d2c9bb1b05bc642fac058081930160200004d2c9bb1b05bc642fac058081930160200004d2c9bb1b05bc642fac0580819e86a2c3c75ea547af8d1c7d283df7f247df7c193739d78e8e1f4fd471e4b4f3e792abcac75e2b8d4392631c725e6b8d4392631c7a5ce3189392e31c7a56e138ec9b2190bbb652ca40f8c8590812ec6c2e28ed403df7b38bce3344ff13eeb7c27d371a9734c628e4bcc71a9734c628e4b9d6312735c628e4bdda61c9365331676cb58481ff4722c04265d7ae9a5e5ff74efbce88ec43cc5bfa24677969a28de37bacc75e0b8d4392631c725e6b8d4392631c7a5ce3189392e31c7a56e538ec9b2190bbb652ca40f9c590819e8e2ccc2e26917d11da5268a7f7d8d2e731d382e758e49cc7189392e758e49cc71a9734c628e4bcc71a9db9463b26cc6c26e190be903632164a08bb130ba93d446749935771c4da7ed3b73db814fa4e3d1dbf548745ddb882e73da1d472ac764e0c25b8f876fd717d1f56c23baccba3bd365956372dabe83e9e3c7a3b7eb8fe8bab6115de6b4e3b71eac1c93812377866fd727d1756d23bacc49c7d3c70f548ec9c06577446fd71fd1f56c23bacc9ae39f4817568ec969fb8ea63ba2b7eb91e8bab6115de6b4dc6e43d1f56c23bacc3ab7a190db50c87d9648f7f75996cd58d82d63217d602c840caceb5878fcd64f54ee68970f4e7a3e1846d7b58de832270d8ec3ad9507abe583933edff98eae671bd165d60c8ec3c72b0f56470ff0fb3d1846d7b58de832a7dd31b80d6ddf5eca07271b3f76dc39b80d556e2fe53f4af479ec88ae671bd165d6dc31b80d556e2fa307f8fd1e3ba2ebda467499d372bb0d45d7b38de832ebdc86426e4301f759423db8cfb26cc6c26e190be903632164606dcf2c9c367c40e2c1ebb4e103928d7ff03a6df4a07ee31fbc4e193e20d9f8c17ddae81f2236fec1ebb4e1837a83fbb4bedf86a2ebd94674998bb90d85dc8642eeb344567f9f65d98c85dd3216d207c642c880b1b03fa2ebda4674998bb8e31d3116468c85114347c8d011321646dc86426e4321f75922c642da3116d207c642c8c0668c85a33b527d7e305288ae6b1bd165ce351c503d1899367c3062149b347ce0daef01b5105dd736a2cb9c67f4f42fff08316934fef4f9017d21baae6d4497395706b7a1e87ab6115de6226e4311b7a190fb2ca12eeeb32c9bb1b05bc642fac058081958dfb1b0bcb33d7870d6f73b9763d1756d23bacc9af201ebf0b8f47c102b44d7b38de83223a307aca3e3d2f751b9105dd736a2cbac1b8deca3e3d2ef07f363d1756d23bacc9af277ac0df5fcc17c21ba9e6d449719193e602d8f4bdf47e542745ddb882eb32eafdb50743ddb882e33e43614721b0ab8cf12eafa3ecbb2190bbb652ca40f8c859081cd38b3703c1c3a7b61c2f84eb8a7f44c18df0977065055397a38e37252397a780ae5a4d1e8e10ca049fdbf0d45d7b38de83217721b0ab90d05dc670975719f65d98c85dd3216d207c642c8c0668c8585d1033503d094e103b5fe8ea8d1f56c23bacc26860fd43c2099347ca0e6c1ebb4e1033503d014bf872ed4f3db50743ddb882eb309b7a188db50c87d96d0aaefb32c9bb1b05bc642fac0580819e8622c3cf1d0c3e19da4261ef8dec3e1652ed6ffb1b093e3d2f33bdedd7caff47f2cece4b864301676715cfa3e7474731beaffd0e13654d7d5cf5bb7a188db50c87d9690b190368c85f481b11032d0c558f8fd471e0bef2835f1d0c33f082f73d29de9b2a93b4da3a7f4f4fb69c87b7e5c0677b227c7d2f269713d1ec5f6fe7ba5f8de98fabe183e18e9f7b0bce7c7e5f827d265130f52cba7f2f7f8017d61af8fcbf15b8f4e0e3dc3f1a7df0fe8f7fe3634f8de3832f97d317a5a5cbf8765b7a1ba55fcbc751b8ab80d85dc6709f5e13ecbb2190bbb652ca40f8c8590812ec6c253a74e8577941629fed5f5474f3c195ee6a4f2415971a772ace7234761cf8f4bf9a0ac7a5cfafc00adb0f7df2be30765d5e3d2ef076885bd3f2ee583b2aa1e3f401bdbf3e3523e28abeaf3a85c58c56d68f48f3155fdfe879982db50dd2abe57dc86626e4301f759427db8cfb26cc6c26e190be903632164a08bb1b050dca12afe05b6b88314dd71aa2adee67b271f4d4f3e792abcac75e2b8d4392631c725e6b8d4392631c7a5ce3189392e31c7a56e138ec9b2190bbb652ca40f8c859081aec6420000202fcb662cec96b1903e301642068c8500004013cb662cec96b1903e301642068c8500004013cb662cec96b1903e301642068c8500004013cb662cec96b1903e301642068c8500004013cb662cec96b1903e3016f6d99103e9f4e7fe42faf981f30e07afdf3587d3796d3ecee1970edff6e79ffbd274387a3dbbce5808000034b16cc6c26e190be9830d180b8fa403fb4643d86c2f4c078e44efdbb1558d855be3df2fa4d30f1c89dfa6e2f0f93d3f6e6bc85808000034b16cc6c26e190be90363e1d0868f85bb7266e1f8320c887bc15808000034b16cc6c26e190be9838d7b1af291032f0c86ae9e5ad958b80bb6064463e15e30160200004d2c9bb1b05bc642fac05858a88c72134fc3dd7af96800db7afaedbe03e948e57d0ab531aff2d4deadf7a9be3e32f13e838f7978c658d8e2b2b79f325c1d472b675b9e7f78c628199c91597e9ce963b8fd31aa2a1fafe5b1d8bafce2730b5ebf898c8500004013cb662cec96b1903e30160e5586b1ca90b5f5b6e5cbb6c7c2174e0c8523db67d46d7f8c29f346b2e9416dca78c46b7dd9d11038fdb2dadbcc78ea76f931a68fe1bcb1b0fdb1d87e4af4e4d768b3190b0100802696cd58d82d63217d602c1cdb1aebc6a3dff660363edbb03a8a45c3dbe8edb6c7aeedb31417fd3ebfea38b7fd795587b6d1c75beeb2c7ef533b06b5b130fa38dbc263583b7e859d7cbe95cb7766e11663210000d0c4b2190bbb652ca40f8c855ba686adad016dfbedb6cf2cac9e155719faa69ed21bd91a1927cc18e7a647bc1d5d76e53a979ff7f87a6c7dacda58189c2d58b9ce8dc7c21d7ebed4190b0100802696cd58d82d63217d602c8c5e77fee189ff7bfcfa4663e182a7134767ea5547b5b963e14e2e7be2728a212f38b32f180b0bdbc76a6cf43e8dc7c29d7ebed4180b0100802696cd58d82d63217d602cacaa8c6aa7970360753cdb3edb2e1ec486e3d7ace16faeed330bab4364f5ecbee1e7b1a3cb2e6c0f9ae79d5f7ebed5c173c658b865eaf58dc7c21d7ebed150bbe98c8500004013cb662cec96b1903e30164ea8feeec0fadbd49e9a3b61fb6d67bedd9cf16bfbf38a8d47bc9d5c7661faf227c6bbda5858192f278cae63780c2b97517d5dfbcfb7fa35983cfe9bcc5808000034b16cc6c26e190be90363e1b4e933052bafdb1abef61d488727c6b7fa6585e35fab416f709933cef8dbc9654f8e79539f6fa3b170fb7d661dc3dae71fbebcd464385d749d36c86e8c85df7df0240000b0e696cd58d82d63217db07163e142d1d3694bd5b170fb7716c2dedb8db1509224499216652cec96b1903e30164ea83c053618048d8574c558284992246915190bbb652ca40f8c8543d34fbbad9f55583016d21563a1244992a455642cec96b1903e30160e55c7c278282c180be98ab150922449d22a321676cb58481f180b2103c64249922449abc858d82d63217d602c840c180b25499224ad226361b78c85f481b11032602c94244992b48a8c85dd3216d207c642c880b150922449d22a321676cb58481f180b2103c64249922449abc858d82d63217d602c840c180b25499224ad226361b78c85f481b11032602c94244992b48a8c85dd3216d207c642c880b150922449d22a321676cb58481f180b2103c64249922449abc858d82d63217d602c840c180b25499224ad226361b78c85f4c1c68c8537df7c4bbaf6baebd31557bd6f78e3839cbcf1d025e5ff744b922449d2de652cec56f1f82fda4a609536622c2c86c2a3575e33bcfcdfbaf1c6f06da0cf9c59284992246915190bbb652ca40f36622cbce6daebd275d77f207c1de4a0abb1f089a753bae6ab29fd3f7e3fa57ff65bf3fdf7bf93d2afdf95d2034f94efbcc63dfbecb3e9874f9c4a0f3dfc58faee8327e77af0e4a3e9078f3f917efad39f95efbd9e3926718e8b9ae67b25ce71a9e798c4392e718e4b3dc76471c6c26e190be9838d180b8bb30a6fbae9a6f07590832ec6c26228fce71f8987c1798af759e7c1b0b88379e2a147c23b94f314efb3ae77341d9338c7454df3bd12e7b8d4734ce21c9738c7a59e63d22c6361b78c85f4c1468c85c58d2d7a39e4a28bb1b0384b301a039b28de775d2bfe7539ba13d944f1beeb986312e7b8a869be57e21c977a8e499ce312e7b8d4734c9a652cec96b1903e30164206ba180b8ba71547436013c5d985eb5af17494e80e6413c5bf4aaf638e499ce3a2a6f95e89735cea3926718e4b9ce352cf316996b1b05bc642fac0580819e8622c8c46c036da7777ba7cdf99e9b42bef2effbb9f45771edb68dd97af4ea70d8ecbe55f2effbb8745d7b38d9d74f79583ef957d570fbe6bfa5b745ddb68ddfdc7d24583ef958b8edd5fbe40b9147dfddb68dffde9b68383dbd0c16383ffabbf45d7b58dd665701b8aae671b3be9fe63af1bfcbc7d5dbaadc7df2cd1756da37d6e4361eeb384e5709f653a6361b78c85f481b11032d0d7b1b0f8c327c5ef367cd567ebaf6bdbe8c188b170b2f2c1883bde93950fe88d85938d1e8c180b732cfafab7d1baf201bda163b21c6e43d1f56ca37de53fe4190b27731b0a729f252c93fb2cd3190bbb652ca40f8c8590813e8e85e3a1b0e8fff86efdf5ad1ade91ba3a5d5e3c5033166e351c50af1c1c1777bc2b8d1e8c5c3e382ec6c24ac503d78383ef95c1b13116e657f4f56fa35dc5f8f3bac16d68f0f3c5d0b15d26b7a1e87ab6d1b66240bd68f0f3f622636125b7a128f759a2f2b9cf329db1b05bc642fac0580819e8c358588c830ffc68f4ff4f0f85d15f4d6e5e79476a70c772785687b1705439a0de3d7c50e28ef7b8d18391c1f7c8f0ac0e63e1a8d103d7dbee1fdd968c85f9157dfddb68d370fc197c8f0c6f4b868eb27c6e43d1f56ca355c30175f03d32fcdf2363e138b7a120f759c272bacf329db1b05bc642fac0580819e8c358f8e5bf1bbdbc1809170d8585a655074263e1b8ea9d6d77bcb7aaded936169655c70d6361ae455fff369a561d370c1de3f2ba0d45d7b38dc655074263e1566e4351eeb38465769f653a6361b78c85f481b11032d087b1b0508c83e3e60d8585264ddfd13616164d3f5875c77bd8f4835563e1b0c9db8cb130d7a2af7f1b8d9abacd183a46e5761b8aae671bcd9afadf1d63e128b7a120f759c232bccf329db1b05bc642fac0580819e8cb58582846c24543616161c11d276361740cdcf10e8f81b13078a06a2cccb5e8ebdfc6c282b1c7d091e76d28ba9e6d2c2e3806c6c2f018b80db9cf1297e77d96e98c85dd3216d207c6c27571e4603afd39cf4bfb0f07afebb9c3e73d2ffddc0b0ea623c3ff7e6ffa95173c2f9d7ee0bdb5b7db647d1a0b0b8b86c2c2fc460f46867f4930d4df0725d11dc736e6367c30121d8f524f1f9444d7b38d450d1f9045c7a3d4d707f6d1756d637ea30723d1f118c9eb41c9a6177dfddb58d4f0017df87d32d2d707f6d1756d637e79de86a2ebd9c6c286a346743c4a3dfd07bde8bab6b128b7a120f759c272bdcf329db1b05bc642fac058b8236f4efb9ff3bcf473135e9e0e876fbb227b34161643de68b81b5fe7f9d7f3c881b386c7a3cde7612c5cac8bb1f0bfff9d78046ca2181377520e67163e78f2d1f0ce6313271e7aa4bc9436f5ff5fe9577f4c0665f0aff4ab3f2ece2cccb52e6e43399c15e53654af939fb7199c59e83614b7fae3e23e4b98330b69c958481f180b5b1a8d6167a55f3932f9f2c3e7d55f96bde100391e078bb1f0ac74fa0be60d81a3a1afed5838c95818e9622cfcf5bbe221b0898bbf505e48cb72180b7ff0f813e11dc8261e79ec47e5a5b4a9ff77bc577f4c066570c77bf5c7c558986b5ddc8672183adc86ea75f2f33683b1d06d286ef5c7c57d963063212d190be90363611b875fdefd19842b341c46cf7b73f9dfa3330b4f7fc1e0655b67014e298ecf0b5e9ef6cf1d1417311646ba180b8bbf781c0d818b146715feff1a3cd3292a87b1f0d9679f0def402e52fc6bf43ffde427e5a5b4a9ff77bc577f4c066570c77bf5c7c558986b5ddc8672183adc86ea75f2f33683b1d06d286ef5c7c57d963063212d190be903636163ed46acf1d371b76c8d6e95d74fbd6c74265fe50cc5f13839fcffc74fd51d7f1e6f9e3c8b6ffa7db72e6fd6e7301afff61f1e3fbd78faccc8d19984db2fabbe7d7c16e5e829cba3cf6b622c9cfe3ca6c6c6e1d390b73e376361a48bb1b0a8180c8b330c9bfc8ec2e26d5ef5d9941e78a27ce735aeb8a359fccb7471c731ba435955bccdc9477f987efad39f95efbd9e3926718e8b9ae67b25ce71a9e798c4392e718e4b3dc76471c6c26e190be903636153d11837c370fc9a38037134805547b2e6636175482b949735fdb94cbf6fedf32ddf6febb2c623e18c33258767095647bdf15838ef732f2e6bf471aa63e1e1f3826351797f63e1625d8d8592244992362b6361b78c85f481b1b0a9ad312c785d556da48b5fde7c2c9cbeacfad83634f5bea3b3fca606b7f1998ac3ff1e8d7ff128571ffcaa6361742c8aeb33baace87d270daf7b658834162e662c94244992b48a8c85dd3216d207c6c2a6668d80d36a67e48d4d8e68cdc7c2e98172c69836f1bea3b7d97adaef84c9b1301cf5823170faed27c7c8e275931f7bfa7247675b56180b5b31164a9224495a45c6c26e190be90363616373c6b5aa1e8d85f33fd7d9d7273c2b71faed8b8f37be9ec5e73935f64dbc5d310e56aeab330bdb33164a9224495a45c6c26e190be90363610bc3512b1c022ba607bf192f9f1ecc8686e3e06e8c85d3035c64d658583d4b70fae5936f5f7c8cfd878bcfa7faf6936361743d8d85ed190b25499224ad226361b78c85f481b1b095d190551ff08ac16b6aa89b789bf2fdaae35d79c6ddf6f8361ae3766b2c1cbdefd41838789bfd5bef178f85e1198f43c1db171fe30567a5d327de7e722cac5d87f27a1b0bdb31164a9224495a45c6c26e190be90363e10e0c07b5e1b0573135b08d06c36dd1f83579392f4f87c3c16f876361a11c0c273ec6d6fb4463e1d4d037a1e9dbd75f36712c5e70301d7666616bc64249922449abc858d82d63217d602c64dbf04cc1a9a746d30bc64249922449abc858d82d63217d602ca4e48cbe3e33164a9224495a45c6c26e190be903632164c058284992246915190bbb652ca40f8c85900163a1244992a455642cec96b1903e301642068c85922449925691b1b05bc642fac058081930164a9224495a45c6c26e190be903632164c058284992246915190bbb652ca40f8c85900163a1244992a455642cec96b1903e301642068c85922449925691b1b05bc642fa6023c6c2a3575e936ebae9a6f0759083dd180bbffbe049000060cd2d9bb1b05bc642fa6023c6c26baebd6e78d9d1eb2007bb3116fef8c73f060000d6dcb2190bbb652ca40f36622cbcf9e65bb66e70d1eba1ef8c8500004013cb662cec96b1903ed888b1b0500c86c5198647aeb86a78e3839cbcf1d025e5ff74efbce88e040000b05e96cd58d8ade2f15fb495c02a6dcc5808397366210000d0c4b2190bbb652ca40f8c85900163210000d0c4b2190bbb652ca40f8c85900163210000d0c4b2190bbb652ca40f8c85900163210000d0c4b2190bbb652ca40f8c85900163210000d0c4b2190bbb652ca40f8c85900163210000d0c4b2190bbb652ca40f8c85900163210000d0c4b2190bbb652ca40f8c85900163210000d0c4b2190bbb652ca40f8c85900163210000d0c4b2190bbb652ca40f8c85900163210000d0c4b2190bbb652ca40f8c85900163210000d0c4b2190bbb652ca40f8c85900163210000d0c4b2190bbb652ca40f7a391602932ebdf4d2f27fba775e7447020000582fcb662cec96b1903e70662164a0ab330b4f9d3a951e7ef4b1f4e0f71f49df7df0e45c271e7a387dff91c7d2934f9e0a2f8bf5e67b25e6b8d094ef9598e352e798c41c179ada84ef9565331676cb58481f180b21035d8c85c51da907bef77078c7699ee27ddcf9de2cbe57628e0b4df95e89392e758e49cc71a1a94df95e59366361b78c85f481b11032d0c55858fc2b6a7467a989e27da3cb643df95e89392e34e57b25e6b8d4392631c785a636e57b65d98c85dd3216d207c642c840176361f1b48be88e5213c5bfbe4697c97af2bd12735c68caf74acc71a9734c628e0b4d6dcaf7cab2190bbb652ca40f8c8590812ec6c2e84e521bd165d61cff44ba70df99e9b40947d31dd1dbd25bd1d7bf8de832eb8ea78f1f98fe5e39335d7647f4b6fd105dd736a2cbacb9e368ed989c76e013e978f4b6f456f4f56f23baccba3bd365d3df2bfb0ea68f1f8fdeb61fa2ebda4674993599dd86a2ebd9467499913b8e4c1d93810b6f3d1ebe6d1f44d7b58de832ebf2bb0d51177dfddb882eb3aefbfb2ccb662cec96b1903e30164206d67b2c340ee62efafab7115d66dde88e779fc7c169d1756d23bacc9a62e8300e662ffafab7115d665d3174e4356c44d7b58de8326b32bb0d45d7b38de83223c558d8e771705a745ddb882eb32ebfdb1075d1d7bf8de832ebbabfcfb26cc6c26e190be903632164606dc7c2e1191dc6c2dc455fff36a2cbac1b9dd1612c9c74fcd683c6c235107dfddb882eb366f88f33c6c269b9dd86a2ebd946749975a3a1c3583825c3db1075d1d7bf8de832ebbabfcfb26cc6c26e190be90363216460adc7424347f6a2af7f1bd165d6392b2a321c3a8edc19be8e7c445fff36a2cbacc9f04ceee8bab6115de6b4dc6e43d1f56c23bacc3a6772873c1b622d445fff36a2cbacebfe3ecbb2190bbb652ca40f8c859081751d0b870fd22abfcbc55986798abefe6d449759337c9056fd5ee9ff03d9e8bab6115de6b4daef1533be6729fafab7115d664ded77f3f57f7c8fae6b1bd1654ecbed36145dcf36a2cbac1b9d15553d2e7d3fcb30baae6d44975993e16d88bae8ebdf467499353db8cfb26cc6c26e190be903632164606dcf2c9c327ad06630cc4df4f56f23bacc85ca076d7d1e0ca3ebda467499f395bf50dd60989de8ebdf4674998b8cfeb1a6df6347745ddb882e73befedf86a2ebd94674990b95c3873f70322987db1075d1d7bf8de83217eae03ecbb2190bbb652ca40f8c8590814d190b73fc3d4974f5bd523e50f3a07e4a7ebfdb91ee6e43c37fa0e9f15370a3ebda4674998bf5fb36145dcf36a2cb6c643876f4f71ff3a2ebda4674994df4fd36445df4f56f23bacc26567d9f65d98c85dd3216d207c642c880b1903e8bbefe6d4497d984b130622ccc51f4f56f23bacc268c85116361c858183216e627fafab7115d6613c642da3016d207c642c8401763e189871e0eef2435f1c0f71e0e2f733143478ebaf95ee9ff83b44e8ecbf0e9829e16979b6e6e43fdffc719b7a1baae7edef6fd1f67dc8668aaabdbd0aaefb32c9bb1b05bc642fac0580819e8622cfcfe238f8577949a78e8e11f849739ed8e239367290cef48f99d85d959c5f74a7156cbc4889cc1ef2cdcfbe33278a07aa4fae07df4c0b5cf0fe889ade23674fcd6a31303d870fce9f9b0ec3654b7929fb7c73f912eab0e6019fcce42b7219a5ac96da807f75996cd58d82d63217d602c840c7431169e3a752abca3b448f1afae3f7ae2c9f032a78dc6c10a23479656f1bd32bea3bdadff0fd0f6feb894c346f5b8783a5c9656711b1a0d1bd5ef97feffc38cdb50dd4a7ede96e360f5b8f4fd8c7fb7219a5ac96da807f75996cd58d82d63217d602c840c743116168a3b54c5bfc0167790a23b4e55c5db7cefe4a3e9c9274f8597c57af3bd12735c68caf74acc71a9734c628e0b4d6dc2f7cab2190bbb652ca40f8c859081aec6420000202fcb662cec96b1903e301642068c8500004013cb662cec96b1903e3016561c3eff17d2cf3f7760df817424787d559bb7252787d379c5d775e0bcc3d1ebbb612c0400009a58366361b78c85f4c1068c8547d2817de5b037d30bd38123ed07c023075e387cfbd30f1c095fdf2b875f5ab9be8597a6c3d1db6dbaca71ead3d7d55808000034b16cc6c26e190be90363e1d0cec6c2c2e87d46ef1fbdbe176a43e1580f07c3f1e7dad9199bce2c040000f2b56cc6c26e190be9838d7b1af2f86cc06828dbf9538b8fa4233d1e0bb7aef3f87a1d39904e1f1e83f1c8391ec8ba1f3d3dbd3b662c0400009a58366361b78c85f481b1b06262a8da1ad40af5116dfb724ae71fde7efdd6997cc5fb4d9ed9383a5b6dfbecb5ed97554c7cecc2d4e71a9c2938f72cb8a971b0361e36180b278fdbe4e75f7dba6eedb814aac7a672ddce3b5cfdb8939719bdefd6d7a7147fdcfae7573d36ed3ebfd1cbaadf1787c7efbff53ef5335727bf16c1f5aa7ebcaaad8f5dffde34160200004d2c9bb1b05bc642fac05858313d464da89ce936f3edc62350652c3cbdf614e8e86595cf65d1538667bc7eee5858987ebf7020ab1f93b1ede3167dfec1b0366dfcf12a63dcb64563e1eca7928f07c3f99fdff6f56af3f9cdbd4ec3b79ff1390f8cde77f1005a55fd38d35f4f63210000d0c4b2190bbb652ca40f8c8515d158b3fdb2f2ed8331a936b65586b9fa9835508e45d5816b74465f6514db1a94b65f567cbc799fff2c8b06b2adcb9c316215aa9ffff6197d95316cc6fbd63edfea58183cd578eb73adbeae32be6e9df9387e59f976d1e7577dd9f4f83636eff3ab7f0f4c5e4eed7dab2f2b8e47f4bd32cff4f75185b11000006862d98c85dd3216d207c6c28a68a8da7efb72a89a7166dfc8f4db04e3d6dc97cd3e53ad301cc1aa635b69de10155fdfcac7d9f7c2f2f22a9f5760d671ab1db399c7a77cbfcae7bf3d3aceb9bc81ed8f1d195d6ef8f945635d8bcfaf3e16ceb8ee91e1e71f9c113967909dc75808000034b16cc6c26e190be90363614593b170fe70550e4c3b1d0b832170c2d6d0148c8ae108159da938367919d1705735ebb84d1cb3eae75f1ec3dafb45035e45f435983bcad5be2e95cf6ffa63edf0f38b3ea7794f8d1ed9fe3cea9fffe4316cc25808000034b16cc6c26e190be903636145340a6dbf7d39e855ce4c8bc6aea19d8e850d9ed63b2d1eb2c6aa83d6e4f5ddbe5e85cae73443f5edb7ae77757c2b3edff1f50987bed9635c55a3af41e5edc7c2afebf4c7dae1e737eb18d7de7791e87ba06aeb63d72fcf5808000034b16cc6c26e190be903636145b3a16af619655b67e7351a06e3975547b909e5e734ebf533cf0cdcfa180d4d0d6263333fafa1f2f39ffbb1668f71733fce70349dfdf4ecf1656cbf5fe5eb3a6b2c0ccdfefc668d85d5b79d541e8f59af6f708ca78f8db11000006862d98c85dd3216d207c6c28a6663e1d4db56ecc65838f9f28a3963e1a2a71087a355781d275f5e3571dc263ebfc9cf7de2b2ce3f3cf97ec5db0463dca4a93176eb0ccb78a46d35164ebcdd40c3cf6fe65838140d99e5315970dc6bb6debefebd692c0400009a58366361b78c85f4c1c68d85ec4c38c6b132c6420000a08965331676cb58481f180b69c458d82d63210000d0c4b2190bbb652ca40f8c8534622cecd66e8c85df7df0240000b0e696cd58d82d63217d602ca4116361b776632c94244992a445190bbb652ca40f8c85900163a1244992a455642cec96b1903e301642068c85922449925691b1b05bc642fac058081930164a9224495a45c6c26e190be903632164c058284992246915190bbb652ca40f8c85900163a1244992a455642cec96b1903e301642068c85922449925691b1b05bc642fac058081930164a9224495a45c6c26e190be903632164c058284992246915190bbb73d34d37a7f75e7e55b895c02a190b2103c64249922449abc858d89d6baffb40bafcaaf7855b09ac92b11032602c94244992b48a8c85ab579c51f8feeb3f988e5c71f570308cb6125825632164c058284992246915bdf1d025c3df9bc7ea144f3dbefcca6bd2fbaf3714d20fc642c880b150922449d22a7adbdb7e3d7cac0e6c0e632164c058284992246915190b01632164c058284992246915190b818d1d0bafb8f2aaf47f3fedccf4f3ff97ff5bfab9e73c8f057efeb9cf4fcfff9767a4f7bce748783cd95bc64249922449abc858086ce45878c51557a57ffe9ce787a3188bbde73283e1aa7535163efbecb3e9874f9c4a0f3dfc58faee8327e77af0e4a3e9078f3f917efad39f95ef2dc96d484df3bd12e7b8d4734c24ed75c6426023c7c2e20cb96804a399e2f845c795bdd3c558583c1839f1d023e1838f798af7f1a044721b52f37cafc4392ef51c1349abc858086ce458583ca5361ac168a6382b333aaeec9d2ec6c2e24c84e8014713c5fb4a9b9edb909ae67b25ce71a9e798485a45c6426023c7c26800a39de8b8b277ba180b8ba72e450f369a28ce6090363db72135cdf74a9ce352cf3191b48a8c8580b1901d898e2b7ba78bb1307aa0d1469bee3ff6ba74dabe33b75cfee5f21552c645b78b36da74f795dbb79fd3f6bd2edd767ff90a6551f4f56fa3555fbebaf2bd7266bae8587fbf59a2ebda469b72b90d45d7b38d76dd9d2eaf7caf9c76f058f2a345da8c8c8580b1901d898e2b7b679dc7c2e103340f40b48645b78b369a757fbaede0e03674e5dde57f2bc7a2af7f1b4d1bfdc3ccd52997ef96e8bab6d1acbc6e43d1f56ca371f71f4b17edf38f77d2a6662c048c85ec48745cd93b6b3b161667b8180ab5a645b78b369a341c7f0c85d9177dfddb68d470fcc967282c8aae6b1b4dcaed36145dcf369a351a500d85d2e6662c048c85ec48745cd93beb39168e1e8cf4f92970d23245b78b3616377a8aa007f4f9177dfddb68d2f02ceecc86e5e8bab6b1b8fc6e43d1f56ca351c3a7aae7352c4bdadd8c8580b1901d898e2b7b673dc7c2e2415af17ba1a67e2792b3a4b42645b78b3616363e53ac7cbae0f8366480cfafe8ebdfc6e2c6678a954fb91d7fbff4fccceee8bab6b1b00c6f43d1f56ca349e3b32d277f9fb0df852a6d52c642c058c88e44c795bdb39663e1d683b3ead90ba3e1d0d8a17528ba5db4b1b0f11faaa80e3ee5edcad98679157dfddb58dcf81f65aa834fff7f575f745ddb585886b7a1e87ab6d1a4f11f7ba9fe6f716ebfef52d272190b0163213b121d57f6ce3a8f85d30fc83c20d1ba14dd2eda58d870e8a89fede38f06e557f4f56f637133fe2166c6f7505f8aae6b1b0bcbf036145dcf369a145f7fff98276d52c642c058c88e44c795bdb3be4f430ecede183e7833162affa2db451b0b1b0eeef5a16338b81b0bb32afafab7b1b819bf2376c6f7505f8aae6b1b0bcbf036145dcf369a145f7fbf6758daa48c8580b170cfbc2cbdf5faf2635e7e71fcb2d75d31f8bf3f90defa3f4dbf6fe4e27474f07e475f17bd6ef5aac793bdd7c558f8e0c947c3071a4d9c78e891f252e6153ff03074685ddafbdb503cb8e7f8872c36bdbdff5e99f17dd1f37f9c711baab78aef95f8fb62c63ff0495acb8c8580b170875e7b79715957a4d706afdb7afdd64838e365c6421aea622cfcc1e34f840f369a78e4b11f9597b2a0e9a780f5fc7745496d5ac56da8f6b4fd194fab54bf5bc9cfdbdacfd7fe3fadd46da8de4abe57ca7fccab0ea67d7e6ab6a4ddcf5808180b77e27f7a47bafec31f48d75f3f6bbc1b9d4178fddb5eb6e0656d180b37591763e1b3cf3e1b3ed858a43873e19f7ef293f2521a347c603678105232146a5d5ad56d6834768c6f4386c21c5bd9cfdb72301c7fbff4fd29a56e43f556f6bd321e0cc7c7c550286d54c642c058b803e7beed03c3330487fffff5ef48e7d6dec658c8eeea622c2c2a1e94146731140f32a2071f55c5db9c7cf487e9a73ffd59f9de92dc86d434df2b718e4b3dc744d25e672c048c85ad8d46bfd168570c78534f231e9e7538f9f18ebe2d7859f1fec3a7214f3d95b9f6fee3d78fc7c2d1c7df7afdd4539dc79f5ffdfd47c64f851e3d8d7ae7e3e5f6e5b30a5d8d8592244992362b6321602c6c6b6ae08b7e3761e3330ba7c7c2e17f4f9e3df8dacb27c7c289df71580e8bdb6f5fff18c3b31fa73fdfa98fb113d5e3c9de33164a9224495a45c642c058d852fc474a26cfdedbd95818bd4fd5682c9c7efdc4e7535c5eed69d1934f5f1ebe7df8d4e976a2e3cade31164a9224495a45c642c058d84af0b4e3a9316e6427636174d955d1c7991c0b476711d6af6f61622cac9d09d95ef431d83bc64249922449abc85808180b5b9837c64d9eadd7e158b860083416e6c958284992246915190b01636163739e263c1cfdaa43df4ec6c239973fb4782c9cbcbc98b1304fc64249922449abc85808180b9b1afe31915967fe4d0f7d3b190bc7ff3d39084eff8193b96361f9369363e0e0e35ebe7dd6a3b1304fc64249922449abc85808180b1b1a8e6c73fe30c8e45f1ddee158b8f5b2cae73b3504ce1f0bb7dfae7a1993e3e3f4dbef4cf5f2d97bc64249922449abc85808180bd991e8b8b2778c85922449925691b1103016b223d17165ef180b25499224ad226321602c6447a2e3cade31164a9224495a45c642c058c88e44c795bd632c94244992b48a8c8580b1901d898e2b7bc758284992246915190b0163213b121d57f68eb150922449d22a321602c64276243aaeec1d63a1244992a455642c048c85ec48745cd93bc64249922449abc85808180bd991e8b8b27776632cfcee832701008035b76cc6426023c7c29f7feef3c3018c66fef9739e1f1e57f6ce6e8c853ffef18f01008035b76cc6426023c7c2e7ffcb33c2118c66fec5f3f785c795bd632c0400009a58366321b09163e115575e158e602c569c55f8ebbffeaef0b8b2778c8500004013cb662c0436722c2c5c71c555c3330c8bf12b1ac598541ca7ffee5f9c9ede73d991f078b2b78c8500004013cb662c0436762c849c180b0100802696cd5808180b2103c6420000a08965331602c642c880b11000006862d98c8580b11032602c0400009a58366321602c840c180b0100802696cd5808180b2103c6420000a08965331602c642c880b11000006862d98c8580b11032602c0400009a58366321602c840c180b0100802696cd5808180b2103c6420000a08965331602c642c880b11000006862d98c8580b11032602c0400009a58366321602c840c7435169e3a752a3dfce863e9c1ef3f92befbe0c9b94e3cf470fafe238fa5279f3c155e1600b3f9791b735cea1c13609165331602fd1b0bdff7be74f3cd378783096caa2ec6c2e2c1c803df7b387cf0314ff13e1e940034e7e76dcc71a9734c802696cd5808f46e2cbcf6fdef4fbff99bbf190e26b0a9ba180b8b3311a2071c4d14ef1b5d2600757edec61c973ac7046862d98c8540efc6c2eb3ef0c1e153910d86b0ad8bb1b078ea52f460a389e20c86e83201a8f3f336e6b8d439264013cb662c047a3716168ac1b038c3b0180d816bd2a5975e5afe4ff7ce8bee48cc133dd06823bacc09771c4da7ed3b3376e013e978f43e006b28fa19da467499138e7f225d18fdac1d3a9aee88dea707a2ebda46749955c76f3d181c8fd2913bc3f7e95a743ddb882e73d2f1f4f103c1f1285d7647f43e40df2c9bb110e8e558084c2afe077bd9a23b12f3440f32da882e73b13bd3651e8c001b26fa19da4674998b8d46a10b6f3d1ebcae1fa2ebda4674990b0d87d583e9e3c783d7f540743ddb882eb389e1b0ea1ff2201bcb662c048c8590814d190b3d18013651f433b48de832171a9edddddfb30a0bd1756d23bacc45ee3872666fcf2a2c44d7b38de83217f30f79909b65331602c642c8c0668c851e8c009b29fa19da467499f3f5ffacc242745ddb882e73ae9e9f555888ae671bd1652ee21ff2203fcb662c048c8590814d180b3d18013655f433b48de832e7cae0acc242745ddb882e739ebe9f555888ae671bd165cee71ff22047cb662c048c859081f51f0b4767b97830026ca2e867681bd165ce538c627d3fabb0105dd736a2cb9cad18c5fa7d566121ba9e6d44973957312cfb873cc8ceb2190b0163216460edc7c24cce7201d80bd1cfd036a2cb9c2983a7da8e45d7b58de83267c9e5ecf6e87ab6115de66c793c5d1da85b366321602c840cacfb5898c353bf00f64af433b48de83267c9e9573e44d7b58de83263f98c62d1f56c23bacc99321a968149cb662c048c8590812ec6c2130f3d1c3ed068e281ef3d1c5e66ccef430236dbea7edee675a6d8ca8e4b46a3d8eabe57fc2e61c8d9b2190b01632164a08bb1f0fb8f3c163ed868e2a1877f105e66c85390810db7b29fb7999d29b6aae392d328b6b2ef154f4186ac2d9bb11030164206ba180b4f9d3a153ed858a43873e1474f3c195e66c4990bc0a65bd5cfdbdcfe716655c725a75f85b1b2ef1567fd43d696cd5808180b21035d8c8585e24149711643f120237af05155bccdf74e3e9a9e7cf254785900cce6e76dcc71a9734c804596cd5808180b21035d8d850000405e96cd5808180b2103c6420000a08965331602c642c880b11000006862d98c8580b11032602c0400009a58366321602c840c180b0100802696cd5808180b2103c6420000a08965331602c642c880b11000006862d98c8580b11032602c0400009a58366321602c840c180b0100802696cd5808180b2103c6420000a08965331602c642c880b11000006862d98c8580b11032602c0400009a58366321602c840c180b0100802696cd5808180b2103c6420000a08965331602c642c880b11000006862d98c8580b11032602c0400009a58366321602c840cecc658f8dd074f0200006b6ed98c8580b11032b01b63a1244992242dca5808180b2103c64249922449abc85808180b2103c64249922449abc85808180b2103c64249922449abc85808180b2103c64249922449abc85808180b2103c64249922449abc85808180b2103c64249922449abc85808180b2103c64249922449abc85808180b2103c64249922449abc85808180b2103c64249922449abc85808180b2103c64249922449abc85808180b2103c64249922449abc85808180b2103c64249922449abc85808180b2103c64249922449abc85808180b2103c64249922449abc85808180b2103c64249922449abc85808180b21035d8d85cf3efb6cfae113a7d2430f3f96befbe0c9b91e3cf968fac1e34fa49ffef467e57b4b929ae6e7ad9ae67b45d25e672c048c8590812ec6c2e2c1c889871e091f7ccc53bc8f072592d43c3f6fd534df2b925691b11030164206ba180b8b3311a2071c4d14ef2b496a969fb76a9aef1549abc85808180b21035d8c85c55397a2071b4d14673048929ae5e7ad9ae67b45d22a321602c642c840176361f440a38da6dd7fec75e9b47d67965e976ebbbf7c85246d48d1cfd0361af7e5ab2b3f6fcf4c977fb97cb9b229fafab7d1bcbbd3e595ef95d3aebcbb7cb9a44dc85808180b2103eb3a168e86c2ab070f49e2ff96a44d28fa19da46a3864361e51f64a6ff5b59147dfddb68d66828bce8d8f89b63fabf25ad7bc642c058081958cfb1f0fe74dbc1e9071fa30724ce7691b449453f43db68d2dd574e9f1d16fd0c56df8bbefe6d346a38244ffec3ddf01ff30e1e1b7cd748da848c8580b11032602c94a4f52dfa19da46938c85eb51f4f56fa351c64269e3331602c642c8c07a8e8583a69e06e769c89236b1e867681b8dbaff58baa8fa8f319e869c65d1d7bf8d668d86e4ed71d9d390a54dcb5808180b21036b3b16160d1fb096bf40dd502869038b7e86b6d1b872301cfdbc3514e658f4f56fa379e560587ebf180aa5cdca5808180b2103eb3a16d69e16377de68b246d40d1cfd0369a547f1aa9b3c5722cfafab7d1a8e1ff164f8ec9c3ffbdf634646963321602c642c8c05a8e85c30723f53309fd5e24499b56f433b48dc515c360702661f0bbe9d4efa2af7f1b4d2a86c1fa88ec770a4b9b94b11030164206ba180b1f3cf968f840a389130f3d525eca9c663c4835164adab4f6fce76d70a6d830636176edf9f74af9f46363a1b4d9190b01632164a08bb1f0078f3f113ed868e291c77e545ecabca67f81faa0f269c89e16276993dafb9fb7d1d34847e3cfe45f4856df5bc5f74af4c76f86df3f86656963321602c642c8401763e1b3cf3e1b3ed858a43873e19f7ef293f2521635f90bd4fd1275499bd86a7ede8e079f0a436176adea7b65f28f8f150c85d226652c048c8590812ec6c2a2e24149711643f120237af05155bccdc9477f987efad39f95ef2d496a9a9fb76a9aef15497b9db11030164206ba1a0b254992246d56c642c058081930164a9224495a45c642c058081930164a9224495a45c642c058081930164a9224495a45c642d85cd75dffc174edfbaf4bffece8d1a309e8b743870e95ffd32d499224497b57f1d8237a4c026c0e632164c058284992246915190b01632164c058284992246915190b01632164c058284992246915190b01632164c058284992246915190b01632164c058284992246915190b01632164c058284992246915190b01632164c058284992246915190b01632164c058284992246915190b01632164c058284992246915190b01632164c058284992246915190b01632164c058284992246915190b016321646037c6c2ef3e781200005873cb662c048c859081dd180b7ffce31f0300006b6ed98c8580b11032602c0400009a58366321602c840c180b0100802696cd5808180b2103c6420000a08965331602c642c880b11000006862d98c8580b11032602c0400009a58366321602c840c180b0100802696cd5808180b2103c6420000a08965331602c642c880b11000006862d98c8580b11032602c0400009a58366321602c840c180b0100802696cd5808180b2103c6420000a08965331602c642c880b11000006862d98c8580b11032602c0400009a58366321602c840c180b0100802696cd5808180b2103c6420000a08965331602c642c8405763e1a953a7d2c38f3e961efcfe23e9bb0f9e9cebc4430fa7ef3ff2587af2c953e16501309b9fb700ec9665331602c642c840176361f1c0f581ef3d1c3e509da7781f0f60019af3f31680ddb46cc642c0580819e8622c2cce5a891e9c3651bc6f749900d4f9790bc06e5a366321f0cf7eee39cf4b40bffd9ffecfffd7f27fba775e7447629ee2696ed103d3268ab35da2cb04a0cecf5b0076d3b2158f3da2c724c0e630164206ba180ba307a56d449719b9e3c899e9b47d6307d3c78fc76f07b0aea29fa16d449719397eebc1cacfdb33d36577c46f0740de96cd5808180b2103eb3a160e87c2039f48c7cbff1e3d903d9aeea8bc0dc0ba8b7e86b6115de6b4dacfd73b8e0efedb3fd000aca365331602c642c8c05a8e85c73f912eac3d503d9e3e7ee0cc74e1adc72b2f03586fd1cfd036a2cb9c7467ba2c389370f80f3647ee9c781900f95b366321602c840cacef58583f8b7078f68b07afc006897e86b6115de6a4622c0cce222cce2eac9cdd0dc07a58366321602c840c6cce9985f5a72603acbbe867681bd1654e8acf2cf4ab1f00d6d3b2190b01632164602dc7c2f229c713c3e0f07768190b81cd12fd0c6d23bacc69a33f2655190687ff6033f53200d6c2b2190b01632164603dc7c24239180e1fb00e1cb9d3d390818d13fd0c6d23baccc8c45f9f2ffe51c6d39001d6d2b2190b01632164607dc7c2bae2c1ac3f70026c92e867681bd16536e11f6700d6d3b2190b01632164a08bb1f0c4430f870f4a9b78e07b0f8797b9d08cdf6308b0ce3af9793be3f7180290bf65331602c642c8401763e1f71f792c7c60dac4430fff20bccc6977dc5a7dfadbe881abb30a814db38a9fb7c7073f6fb77f3761f92b209c5508b09696cd5808180b21035d8c85a74e9d0a1f982e529ce5f2a3279e0c2f73dac4efcf72860bb0a156f1f376f4978fb77fdefa871980f5b56cc642c0580819e8622c2c140f608b335e8a07a4d103d5aae26dbe77f2d1f4e493a7c2cb0260363f6f01d82dcb662c048c859081aec6420000202fcb662c048c85900163210000d0c4b2190b01632164c05808000034b16cc642c058081930160200004d2c9bb110301642068c8500004013cb662c048c85900163210000d0c4b2190b01632164c05808000034b16cc642d874cf4bff7f242947977804c4960000000049454e44ae426082);

-- --------------------------------------------------------

--
-- Structure de la table `postes`
--

DROP TABLE IF EXISTS `postes`;
CREATE TABLE IF NOT EXISTS `postes` (
  `id` int(11) NOT NULL AUTO_INCREMENT,
  `poste` varchar(45) NOT NULL,
  PRIMARY KEY (`id`),
  UNIQUE KEY `id_UNIQUE` (`id`)
) ENGINE=InnoDB AUTO_INCREMENT=10 DEFAULT CHARSET=utf8;

--
-- Déchargement des données de la table `postes`
--

INSERT INTO `postes` (`id`, `poste`) VALUES
(1, 'Poste1'),
(2, 'Poste2'),
(3, 'Poste3'),
(4, 'Poste4'),
(5, 'Poste5'),
(6, 'Poste6'),
(7, 'Poste8'),
(8, 'Poste12'),
(9, 'Poste18');

-- --------------------------------------------------------

--
-- Structure de la table `references`
--

DROP TABLE IF EXISTS `references`;
CREATE TABLE IF NOT EXISTS `references` (
  `id` int(11) NOT NULL AUTO_INCREMENT,
  `reference` varchar(13) DEFAULT NULL,
  `poste_id` int(11) NOT NULL,
  `photo` blob,
  `designation` varchar(45) DEFAULT NULL,
  `date_reference` date DEFAULT NULL,
  `adresse_photo` varchar(75) DEFAULT NULL,
  PRIMARY KEY (`id`),
  UNIQUE KEY `id_UNIQUE` (`id`),
  KEY `poste_idfk_idx` (`poste_id`)
) ENGINE=InnoDB AUTO_INCREMENT=26 DEFAULT CHARSET=utf8;

--
-- Déchargement des données de la table `references`
--

INSERT INTO `references` (`id`, `reference`, `poste_id`, `photo`, `designation`, `date_reference`, `adresse_photo`) VALUES
(9, '98.098.400.80', 3, NULL, 'VIS M6 X L20', NULL, 'images/References/98_098_400_80.png'),
(10, '96.832.120.80', 3, NULL, 'OBTURATEUR D30 BI-MAT', NULL, 'images/References/96_832_120_80.png'),
(11, '79.030.082.35', 3, NULL, 'VIS TORX', NULL, 'images/References/79_030_082_35.png'),
(12, '98.019.893.80', 3, NULL, 'ECROU A SERTIR', NULL, 'images/References/98_019_893_80.png'),
(13, '98.201.642.80', 3, NULL, 'ECROU A SERTIR', NULL, 'images/References/98_201_642_80.png'),
(14, '96.802.153.80', 3, NULL, 'OBTURATEUR', NULL, 'images/References/96_802_153_80.png'),
(15, '96.745.506.80', 3, NULL, 'VIS M8 X L30', NULL, 'images/References/96_745_506_80.png'),
(16, '98.098.400.80', 4, NULL, 'VIS M6 X L20', NULL, 'images/References/98_098_400_80'),
(17, '98.117.530.80', 4, NULL, 'VIS M8 X L24', NULL, 'images/References/98_117_530_80'),
(18, '96.478.684.80', 4, NULL, 'FILM ADHESIF', NULL, 'images/References/96_478_684_80'),
(19, '96.370.064.80', 4, NULL, 'VIS M6 X L30', NULL, 'images/References/96_370_064_80'),
(20, '96.559.100.80', 4, NULL, 'ECROU A SERTIR', NULL, 'images/References/96_559_100_80'),
(21, '79.033.011.77', 4, NULL, 'VIS M8 X L20', NULL, 'images/References/79_033_011_77'),
(22, '98.273.999.80', 4, NULL, 'SERTIS M4 X L12', NULL, 'images/References/98_273_999_80'),
(23, '79.030.082.35', 4, NULL, 'VIS TORX', NULL, 'images/References/79_030_082_35'),
(25, '98.030.000.80', 4, NULL, 'ECROU A SERTIR', NULL, 'images/References/98_030_000_80');

-- --------------------------------------------------------

--
-- Structure de la table `t_listemagytest`
--

DROP TABLE IF EXISTS `t_listemagytest`;
CREATE TABLE IF NOT EXISTS `t_listemagytest` (
  `CodePersonnel` varchar(255) NOT NULL,
  `Nom` varchar(255) DEFAULT NULL,
  `NomNaissance` varchar(255) DEFAULT NULL,
  `Prenom` varchar(255) DEFAULT NULL,
  `User` varchar(255) DEFAULT NULL,
  `Rue` varchar(255) DEFAULT NULL,
  `CodePostal` varchar(255) DEFAULT NULL,
  `Ville` varchar(255) DEFAULT NULL,
  `Telephone` varchar(255) DEFAULT NULL,
  `DateNaissance` date DEFAULT NULL,
  `DateEmbauche` date DEFAULT NULL,
  `Poste` varchar(255) DEFAULT NULL,
  `PosteAtelier` varchar(255) DEFAULT NULL,
  `AgentRelation` varchar(255) DEFAULT NULL,
  `CategorieProfessionnel` varchar(255) DEFAULT NULL,
  `Coefficient` varchar(255) DEFAULT NULL,
  `Classification` tinytext,
  `NumeroSecuriteSocial` varchar(255) DEFAULT NULL,
  `TypeContrat` tinytext,
  `NatureContrat` tinytext,
  `LieuNaissance` varchar(255) DEFAULT NULL,
  `Nationalite` tinytext,
  `NomConjoint` varchar(255) DEFAULT NULL,
  `PrenomConjoint` varchar(255) DEFAULT NULL,
  `DateNaissanceConjoint` date DEFAULT NULL,
  `ConjointSalarieCPM` tinyint(1) DEFAULT '0',
  `CodePersonnelConjoint` varchar(255) DEFAULT NULL,
  `DateUnionConjoint` date DEFAULT NULL,
  `DateDecesConjoint` date DEFAULT NULL,
  `TypeHoraire` tinytext,
  `Affectation` varchar(255) DEFAULT NULL,
  `SituationMatrimoniale` varchar(255) DEFAULT NULL,
  `DateSituationMatrimoniale` date DEFAULT NULL,
  `NonMagy` tinyint(1) DEFAULT '0',
  `ClientPresent` tinyint(1) DEFAULT '0',
  `Invalidite` tinyint(1) DEFAULT '0',
  `Deces` tinyint(1) DEFAULT '0',
  `LongueMaladie` tinyint(1) DEFAULT '0',
  `DateRadiation` date DEFAULT NULL,
  `MotifRadiation` tinytext,
  `DebutDerniereMutuelle` date DEFAULT NULL,
  `FinDerniereMutuelle` date DEFAULT NULL,
  `CodeOptionMutuelle` varchar(255) DEFAULT NULL,
  `Changement` tinyint(1) DEFAULT '0',
  `Archiver` tinyint(1) DEFAULT '0',
  `dateEquivalence` date DEFAULT NULL,
  `toubib` tinytext,
  `UO` varchar(255) DEFAULT NULL,
  `SPU` varchar(255) DEFAULT NULL,
  `SPU_R` varchar(255) DEFAULT NULL,
  PRIMARY KEY (`CodePersonnel`)
) ENGINE=InnoDB DEFAULT CHARSET=utf8;

--
-- Contraintes pour les tables déchargées
--

--
-- Contraintes pour la table `controles`
--
ALTER TABLE `controles`
  ADD CONSTRAINT `ctrl_poste_idfk` FOREIGN KEY (`poste_id`) REFERENCES `postes` (`id`),
  ADD CONSTRAINT `ctrl_ref_idfk` FOREIGN KEY (`ref_id`) REFERENCES `references` (`id`),
  ADD CONSTRAINT `ctrl_usr_idfk` FOREIGN KEY (`user_id`) REFERENCES `controleurs` (`id`);

--
-- Contraintes pour la table `references`
--
ALTER TABLE `references`
  ADD CONSTRAINT `poste_idfk` FOREIGN KEY (`poste_id`) REFERENCES `postes` (`id`);
COMMIT;

/*!40101 SET CHARACTER_SET_CLIENT=@OLD_CHARACTER_SET_CLIENT */;
/*!40101 SET CHARACTER_SET_RESULTS=@OLD_CHARACTER_SET_RESULTS */;
/*!40101 SET COLLATION_CONNECTION=@OLD_COLLATION_CONNECTION */;
